nome_normalizado,quantidade,ids,caminhos
c0024.mp4,3,1QljtumS2XjuUknSyEqoRa27czlamGcbQ | 1Qsa8xt-r6o2OkmWktTx-gdARZg5jmiPk | 15QRmVR5dtr0EH290g4w2G8iQyxEdTA-W,01_CLIENTES/ALDEIA KARAPOTÓ TERRA NOVA/03_PRODUCAO_BRUTA/DIA 03/C0024.MP4 | 01_CLIENTES/ALDEIA KARAPOTÓ TERRA NOVA/03_PRODUCAO_BRUTA/DIA 4/C0024.MP4 | 99_TRIAGEM_ARQUIVOS_PARADOS_ANTIGO_OUTROS/ANIVERSÁRIO LIZ DEVINHO/VIDEOS/C0024.MP4
c0025.mp4,3,15okxGMNuSQrT__yIuKM4EPyrwGlH9Kb3 | 1xtnQU5jechjpk39BEY4ogQ856rFc-8oD | 1WkLglGwKecrogQk73NV5du2p9c2PR6uC,01_CLIENTES/ALDEIA KARAPOTÓ TERRA NOVA/03_PRODUCAO_BRUTA/DIA 03/C0025.MP4 | 01_CLIENTES/ALDEIA KARAPOTÓ TERRA NOVA/03_PRODUCAO_BRUTA/DIA 4/C0025.MP4 | 99_TRIAGEM_ARQUIVOS_PARADOS_ANTIGO_OUTROS/ANIVERSÁRIO LIZ DEVINHO/VIDEOS/C0025.MP4
c0027.mp4,3,1iZdmNRZHWtrKzwZUoNoHyXmOfEKJbqTS | 1hN644odiwDpY4Gr-E1z3UKjL-PDD_Jw6 | 1a2CQ6gnjeh8A0j4ZbGT91kDvM30STFGI,01_CLIENTES/ALDEIA KARAPOTÓ TERRA NOVA/03_PRODUCAO_BRUTA/DIA 03/C0027.MP4 | 01_CLIENTES/ALDEIA KARAPOTÓ TERRA NOVA/03_PRODUCAO_BRUTA/DIA 4/C0027.MP4 | 99_TRIAGEM_ARQUIVOS_PARADOS_ANTIGO_OUTROS/ANIVERSÁRIO LIZ DEVINHO/VIDEOS/C0027.MP4
c0028.mp4,3,1ohng2jsbJotPyx7F2DWiQ7zWKcjm_yF0 | 1DMladKftf7d6B7E8xuvADLByQVE936Yp | 1eHRMVLPPSE432MrnAvqmtG79LhbKTaqv,01_CLIENTES/ALDEIA KARAPOTÓ TERRA NOVA/03_PRODUCAO_BRUTA/DIA 03/C0028.MP4 | 01_CLIENTES/ALDEIA KARAPOTÓ TERRA NOVA/03_PRODUCAO_BRUTA/DIA 4/C0028.MP4 | 99_TRIAGEM_ARQUIVOS_PARADOS_ANTIGO_OUTROS/ANIVERSÁRIO LIZ DEVINHO/VIDEOS/C0028.MP4
c0029.mp4,3,1HxcEEuyHPWfwnTdBdLwBK6MdkTxxFT_i | 1Dd488CYDzCWF4xrf0EXcv8rTr74XF3Fv | 1raOKAJumkd_k89pUtsVLZsCMFb-TSnkO,01_CLIENTES/ALDEIA KARAPOTÓ TERRA NOVA/03_PRODUCAO_BRUTA/DIA 03/C0029.MP4 | 01_CLIENTES/ALDEIA KARAPOTÓ TERRA NOVA/03_PRODUCAO_BRUTA/DIA 4/C0029.MP4 | 99_TRIAGEM_ARQUIVOS_PARADOS_ANTIGO_OUTROS/ANIVERSÁRIO LIZ DEVINHO/VIDEOS/C0029.MP4
c0039.mp4,3,1L58m_DwRVzcnzFUwteOPPk0sLQSax29d | 1Eq3-pTFLvGWS51Q8I4YJbmJlIeXcOpTT | 18UIbelOd1euTNpJqVEsxBLYKqJZFpadc,01_CLIENTES/ALDEIA KARAPOTÓ TERRA NOVA/03_PRODUCAO_BRUTA/DIA 03/C0039.MP4 | 01_CLIENTES/ALDEIA KARAPOTÓ TERRA NOVA/03_PRODUCAO_BRUTA/DIA 4/C0039.MP4 | 99_TRIAGEM_ARQUIVOS_PARADOS_ANTIGO_OUTROS/ANIVERSÁRIO LIZ DEVINHO/VIDEOS/C0039.MP4
c0040.mp4,3,1tfsfV7nG2ajiMCNvx-0wYNIAD9ynFrnp | 1z7pfdY7dJl5hj7Q3j1U2cOdgMNexC1S- | 1PLRdJcV10OUw3BZhcro_0rQ0brzMM4Fz,01_CLIENTES/ALDEIA KARAPOTÓ TERRA NOVA/03_PRODUCAO_BRUTA/DIA 03/C0040.MP4 | 01_CLIENTES/ALDEIA KARAPOTÓ TERRA NOVA/03_PRODUCAO_BRUTA/DIA 4/C0040.MP4 | 99_TRIAGEM_ARQUIVOS_PARADOS_ANTIGO_OUTROS/ANIVERSÁRIO LIZ DEVINHO/VIDEOS/C0040.MP4
c0042.mp4,3,1quK_OKAEV7xFg8CFAtQwGWQ6t4C2QsFK | 1K_mxEgatBRlPdgkHDUyAt54x33q2IQ7H | 1i5z-HZyhd4P3EgUpyZrBX7QJ45DKrbMl,01_CLIENTES/ALDEIA KARAPOTÓ TERRA NOVA/03_PRODUCAO_BRUTA/DIA 03/C0042.MP4 | 01_CLIENTES/ALDEIA KARAPOTÓ TERRA NOVA/03_PRODUCAO_BRUTA/DIA 4/C0042.MP4 | 99_TRIAGEM_ARQUIVOS_PARADOS_ANTIGO_OUTROS/ANIVERSÁRIO LIZ DEVINHO/VIDEOS/C0042.MP4
c0043.mp4,3,1qk9wID94m6ux84CEKBp8ASg3YJvWEKj7 | 1m_2NujcbMmuylwG3O3yXrKthhxCGP02G | 1yi1mqWNotvIO9gNwudC10hEGGzdhimtD,01_CLIENTES/ALDEIA KARAPOTÓ TERRA NOVA/03_PRODUCAO_BRUTA/DIA 03/C0043.MP4 | 01_CLIENTES/ALDEIA KARAPOTÓ TERRA NOVA/03_PRODUCAO_BRUTA/DIA 4/C0043.MP4 | 99_TRIAGEM_ARQUIVOS_PARADOS_ANTIGO_OUTROS/ANIVERSÁRIO LIZ DEVINHO/VIDEOS/C0043.MP4
c0045.mp4,3,18up-xn6bZJHJuOhnSFQ5WDbOjjA4T3pb | 1_-gnow6ff8ckXZoddIkXLEt3SG3EU3Ap | 1-iEllttj-lsTTv8LH6zKZqDo7FHxDYGK,01_CLIENTES/ALDEIA KARAPOTÓ TERRA NOVA/03_PRODUCAO_BRUTA/DIA 03/C0045.MP4 | 01_CLIENTES/ALDEIA KARAPOTÓ TERRA NOVA/03_PRODUCAO_BRUTA/DIA 4/C0045.MP4 | 99_TRIAGEM_ARQUIVOS_PARADOS_ANTIGO_OUTROS/ANIVERSÁRIO LIZ DEVINHO/VIDEOS/C0045.MP4
c0056.mp4,3,1pzzjk3vmOIG4b3yckBePxBTAlGgYBgng | 1jh9c7ejwOZFsdEjbrhCwMElsIk_8M10F | 1QdVHXG_nXgFH1iQKWMzZOF4xbsY2x8cv,01_CLIENTES/ALDEIA KARAPOTÓ TERRA NOVA/03_PRODUCAO_BRUTA/DIA 03/C0056.MP4 | 01_CLIENTES/ALDEIA KARAPOTÓ TERRA NOVA/03_PRODUCAO_BRUTA/DIA 4/C0056.MP4 | 99_TRIAGEM_ARQUIVOS_PARADOS_ANTIGO_OUTROS/ANIVERSÁRIO LIZ DEVINHO/VIDEOS/C0056.MP4
c0057.mp4,3,1jAoJ22L75Bbf4E_zEVGtB4-H6_SVn-cQ | 1C37LT4vXL9gGFt64DNP_0ffmWIyF4hWa | 1MIYyRYNI7LjdjI_CKPWtUVcp2JcF72gj,01_CLIENTES/ALDEIA KARAPOTÓ TERRA NOVA/03_PRODUCAO_BRUTA/DIA 03/C0057.MP4 | 01_CLIENTES/ALDEIA KARAPOTÓ TERRA NOVA/03_PRODUCAO_BRUTA/DIA 4/C0057.MP4 | 99_TRIAGEM_ARQUIVOS_PARADOS_ANTIGO_OUTROS/ANIVERSÁRIO LIZ DEVINHO/VIDEOS/C0057.MP4
c0059.mp4,3,1MXDZZSizx74uEqGvaVjgJgKYcKMMF01_ | 1nMU3QGMCpmAPhe0iZWJbnXJZ5uoHEAOP | 1BFuLinF6Es3bVPn1jgOGfuoZoXXz_E5B,01_CLIENTES/ALDEIA KARAPOTÓ TERRA NOVA/03_PRODUCAO_BRUTA/DIA 03/C0059.MP4 | 01_CLIENTES/ALDEIA KARAPOTÓ TERRA NOVA/03_PRODUCAO_BRUTA/DIA 4/C0059.MP4 | 99_TRIAGEM_ARQUIVOS_PARADOS_ANTIGO_OUTROS/ANIVERSÁRIO LIZ DEVINHO/VIDEOS/C0059.MP4
c0061.mp4,3,1r885j2mse5LthybHXyOXbuTFDQ_g6HUY | 1GTZVveGYWhuDUMFfgj6LiJRYKRQ1Ov_J | 1ExykZoplwz0s5pVJdFd5SqYVAlInE0ob,01_CLIENTES/ALDEIA KARAPOTÓ TERRA NOVA/03_PRODUCAO_BRUTA/DIA 03/C0061.MP4 | 01_CLIENTES/ALDEIA KARAPOTÓ TERRA NOVA/03_PRODUCAO_BRUTA/DIA 4/C0061.MP4 | 99_TRIAGEM_ARQUIVOS_PARADOS_ANTIGO_OUTROS/ANIVERSÁRIO LIZ DEVINHO/VIDEOS/C0061.MP4
c0070.mp4,3,15JAi_9V9nO-yrjsAFggfq9sjy9a2Hni8 | 1AEG6P2ybE4LlF5t3vtF3CgVz6c3wlCb6 | 1mM6dvwF0QS0pMWzolEJpZpmTAKc_Ce5N,01_CLIENTES/ALDEIA KARAPOTÓ TERRA NOVA/03_PRODUCAO_BRUTA/DIA 03/C0070.MP4 | 01_CLIENTES/ALDEIA KARAPOTÓ TERRA NOVA/03_PRODUCAO_BRUTA/DIA 4/C0070.MP4 | 99_TRIAGEM_ARQUIVOS_PARADOS_ANTIGO_OUTROS/ANIVERSÁRIO LIZ DEVINHO/VIDEOS/C0070.MP4
c0087.mp4,3,1CSVoJ6EOMQPebCVeqw4suaWdRV6OT3w6 | 18War7ws1bCkdyRNH6K_5HLjUwxNZ8qAR | 1vnWWDW_b5IarCtOSEKd24g9hnDB5jnSQ,01_CLIENTES/ALDEIA KARAPOTÓ TERRA NOVA/03_PRODUCAO_BRUTA/DIA 03/C0087.MP4 | 01_CLIENTES/ALDEIA KARAPOTÓ TERRA NOVA/03_PRODUCAO_BRUTA/DIA 4/C0087.MP4 | 99_TRIAGEM_ARQUIVOS_PARADOS_ANTIGO_OUTROS/ANIVERSÁRIO LIZ DEVINHO/VIDEOS/C0087.MP4
horizontal_historia_completo.mp4,2,1tF501wA6dwijy5Nh86aQOGX9UzpW5oNu | 1GbRyLFX1MOuh4Z3z2F5YKNLaHx6aQg3z,01_CLIENTES/99_REVISAR_CLIENTES_NAO_CADASTRADOS/FINAIS_DROGARIA SÃO JORGE/FINAIS_DSJ/HORIZONTAL_HISTÓRIA_COMPLETO.mp4 | 01_CLIENTES/99_REVISAR_CLIENTES_NAO_CADASTRADOS/FINAIS_DROGARIA SÃO JORGE/HORIZONTAL_HISTÓRIA_COMPLETO.mp4
trand salto ninja com fraldas 01.mp4,2,1O7R4BWh1dhqI0ZWgJGcsjpy4S4uNCef1 | 1YerFx0TcSKv2x3NMVhIRJ-dhDVSKJIjW,01_CLIENTES/99_REVISAR_CLIENTES_NAO_CADASTRADOS/FINAIS_DROGARIA SÃO JORGE/FINAIS_DSJ/TRAND SALTO NINJA COM FRALDAS 01.mp4 | 01_CLIENTES/99_REVISAR_CLIENTES_NAO_CADASTRADOS/FINAIS_DROGARIA SÃO JORGE/TRAND SALTO NINJA COM FRALDAS 01.mp4
trand salto ninja com fraldas 02.mp4,2,1a7WW09QmM8BgcU8LdzpMQvLZPl1CH7qg | 1xMiUMWlJ5ua-84GxM-kjM0DyDysI2t9u,01_CLIENTES/99_REVISAR_CLIENTES_NAO_CADASTRADOS/FINAIS_DROGARIA SÃO JORGE/FINAIS_DSJ/TRAND SALTO NINJA COM FRALDAS 02.mp4 | 01_CLIENTES/99_REVISAR_CLIENTES_NAO_CADASTRADOS/FINAIS_DROGARIA SÃO JORGE/TRAND SALTO NINJA COM FRALDAS 02.mp4
c0001.mp4,2,1CTpNt8JgTyRz5AcHHnBwE6RvgXcbXKPZ | 14pJiQh9uUX35fm483hjk4KWpH24BQXto,01_CLIENTES/ALDEIA KARAPOTÓ TERRA NOVA/03_PRODUCAO_BRUTA/DIA 03/C0001.MP4 | 01_CLIENTES/ALDEIA KARAPOTÓ TERRA NOVA/03_PRODUCAO_BRUTA/DIA 4/C0001.MP4
c0002.mp4,2,1Xfa7fNvKhIHEedBzS9gbFTfV17Hr8Qz- | 1TTIcJ6jSYwYK9J1m7PZaCuGDkLGlqF3o,01_CLIENTES/ALDEIA KARAPOTÓ TERRA NOVA/03_PRODUCAO_BRUTA/DIA 03/C0002.MP4 | 01_CLIENTES/ALDEIA KARAPOTÓ TERRA NOVA/03_PRODUCAO_BRUTA/DIA 4/C0002.MP4
c0003.mp4,2,1zkZoBwpQq8GwCb7qJnU8-F0SljoYQoEX | 1mDh8h5q2mraj7CLABO-zgi-uYXGFdYPI,01_CLIENTES/ALDEIA KARAPOTÓ TERRA NOVA/03_PRODUCAO_BRUTA/DIA 03/C0003.MP4 | 01_CLIENTES/ALDEIA KARAPOTÓ TERRA NOVA/03_PRODUCAO_BRUTA/DIA 4/C0003.MP4
c0004.mp4,2,17eo9uoVzEiikATDXXvxMY2sIISt2IsHG | 1l--dAgzJXh1HySQ7gOTlXssNM5_nx7WO,01_CLIENTES/ALDEIA KARAPOTÓ TERRA NOVA/03_PRODUCAO_BRUTA/DIA 03/C0004.MP4 | 01_CLIENTES/ALDEIA KARAPOTÓ TERRA NOVA/03_PRODUCAO_BRUTA/DIA 4/C0004.MP4
c0005.mp4,2,1kmNSn_0dulS6rBzd3wHxvIb2yTE6aJD2 | 1N79yU5e_hIAgezvXkcqA8PS1sKN2WhSZ,01_CLIENTES/ALDEIA KARAPOTÓ TERRA NOVA/03_PRODUCAO_BRUTA/DIA 03/C0005.MP4 | 01_CLIENTES/ALDEIA KARAPOTÓ TERRA NOVA/03_PRODUCAO_BRUTA/DIA 4/C0005.MP4
c0006.mp4,2,1de-V01lP1PPeIDxcwB7dZKWr7pxcaUj4 | 1Mxzld4la_FlEttCfePRNBABC_Npu9rBl,01_CLIENTES/ALDEIA KARAPOTÓ TERRA NOVA/03_PRODUCAO_BRUTA/DIA 03/C0006.MP4 | 01_CLIENTES/ALDEIA KARAPOTÓ TERRA NOVA/03_PRODUCAO_BRUTA/DIA 4/C0006.MP4
c0007.mp4,2,1aM-h3xl-qseLisUUs44U-3KMeXgZUW1y | 1JjevJCK9exlOo1hKTY0WTPu46igLUja4,01_CLIENTES/ALDEIA KARAPOTÓ TERRA NOVA/03_PRODUCAO_BRUTA/DIA 03/C0007.MP4 | 01_CLIENTES/ALDEIA KARAPOTÓ TERRA NOVA/03_PRODUCAO_BRUTA/DIA 4/C0007.MP4
c0008.mp4,2,1nAhvNilfbLlfuGq0OQG9pL2yMyTAWRnY | 1lGc6EsozD2xEXCHx0HjVsj5NMy4izI94,01_CLIENTES/ALDEIA KARAPOTÓ TERRA NOVA/03_PRODUCAO_BRUTA/DIA 03/C0008.MP4 | 01_CLIENTES/ALDEIA KARAPOTÓ TERRA NOVA/03_PRODUCAO_BRUTA/DIA 4/C0008.MP4
c0009.mp4,2,1PY4s6N4VKz9iE6tZHGZGNmobThXYlLsP | 1_XBaDDdURnmetlEvLWAjtmqjMYu-uLVF,01_CLIENTES/ALDEIA KARAPOTÓ TERRA NOVA/03_PRODUCAO_BRUTA/DIA 03/C0009.MP4 | 01_CLIENTES/ALDEIA KARAPOTÓ TERRA NOVA/03_PRODUCAO_BRUTA/DIA 4/C0009.MP4
c0010.mp4,2,1IITWF4kzO9siExyZTMYsItqtZfUQjnBj | 1UlEeUepJha4GcGzAEt2B_e7mwyB7dv8d,01_CLIENTES/ALDEIA KARAPOTÓ TERRA NOVA/03_PRODUCAO_BRUTA/DIA 03/C0010.MP4 | 01_CLIENTES/ALDEIA KARAPOTÓ TERRA NOVA/03_PRODUCAO_BRUTA/DIA 4/C0010.MP4
c0011.mp4,2,1ijP72bb_USoz44OJQg5ijEv8NWTPh5Gt | 1wya3l5cLmUMB5ka5i1sDTkwjJ4nx4vH3,01_CLIENTES/ALDEIA KARAPOTÓ TERRA NOVA/03_PRODUCAO_BRUTA/DIA 03/C0011.MP4 | 01_CLIENTES/ALDEIA KARAPOTÓ TERRA NOVA/03_PRODUCAO_BRUTA/DIA 4/C0011.MP4
c0012.mp4,2,1VlvpepKqw2Jr_InMNBvu29avqkDEoBeO | 13DCMjPOfuteOM88r4O22ykTs4qidPuy-,01_CLIENTES/ALDEIA KARAPOTÓ TERRA NOVA/03_PRODUCAO_BRUTA/DIA 03/C0012.MP4 | 01_CLIENTES/ALDEIA KARAPOTÓ TERRA NOVA/03_PRODUCAO_BRUTA/DIA 4/C0012.MP4
c0013.mp4,2,1QCGKgtimEtz9HDcVAZuHbDJ8iu1hFiUZ | 12Qe4hUZrhlssGruT8AsWrOj9tmByCAjr,01_CLIENTES/ALDEIA KARAPOTÓ TERRA NOVA/03_PRODUCAO_BRUTA/DIA 03/C0013.MP4 | 01_CLIENTES/ALDEIA KARAPOTÓ TERRA NOVA/03_PRODUCAO_BRUTA/DIA 4/C0013.MP4
c0014.mp4,2,1misyYipdq7Aeg3s3av_0RDppAHyKQe7H | 1aHdUF46C-A3UBv-bLBQeWAfcs-Z8LE39,01_CLIENTES/ALDEIA KARAPOTÓ TERRA NOVA/03_PRODUCAO_BRUTA/DIA 03/C0014.MP4 | 01_CLIENTES/ALDEIA KARAPOTÓ TERRA NOVA/03_PRODUCAO_BRUTA/DIA 4/C0014.MP4
c0015.mp4,2,1UvQacWGItrEI9atTSMcPo5kDMBhDhzTX | 1CGHNlMd3LkHUfDOe61SW2vx63g306hc5,01_CLIENTES/ALDEIA KARAPOTÓ TERRA NOVA/03_PRODUCAO_BRUTA/DIA 03/C0015.MP4 | 01_CLIENTES/ALDEIA KARAPOTÓ TERRA NOVA/03_PRODUCAO_BRUTA/DIA 4/C0015.MP4
c0016.mp4,2,1mfQcF1FzbKJIvzSrzXYY_-wyOuvsjhxI | 1Fx3QgJ-URu-PQnMY_DqN4lQyvX-hR5Cm,01_CLIENTES/ALDEIA KARAPOTÓ TERRA NOVA/03_PRODUCAO_BRUTA/DIA 03/C0016.MP4 | 01_CLIENTES/ALDEIA KARAPOTÓ TERRA NOVA/03_PRODUCAO_BRUTA/DIA 4/C0016.MP4
c0017.mp4,2,114_jCXuy3iHPipEb_XY2XYQgo3BzzrG7 | 1JCJIGk7fjCgS027QJYcQxdqZ40ZE7NTT,01_CLIENTES/ALDEIA KARAPOTÓ TERRA NOVA/03_PRODUCAO_BRUTA/DIA 03/C0017.MP4 | 01_CLIENTES/ALDEIA KARAPOTÓ TERRA NOVA/03_PRODUCAO_BRUTA/DIA 4/C0017.MP4
c0018.mp4,2,1b5Y4AsnTwvFYQxiDqWseMPG0pfo0R7MH | 15QsSA3w17UQalVwH1ysyP81UxI8wU6jF,01_CLIENTES/ALDEIA KARAPOTÓ TERRA NOVA/03_PRODUCAO_BRUTA/DIA 03/C0018.MP4 | 01_CLIENTES/ALDEIA KARAPOTÓ TERRA NOVA/03_PRODUCAO_BRUTA/DIA 4/C0018.MP4
c0019.mp4,2,1TO_g6gYnJHCP5mM1zJp3hi2YF0ZsH7FV | 1FLC2Ofb1NwIreIwZVzQroOP4kMuS-Pcf,01_CLIENTES/ALDEIA KARAPOTÓ TERRA NOVA/03_PRODUCAO_BRUTA/DIA 03/C0019.MP4 | 01_CLIENTES/ALDEIA KARAPOTÓ TERRA NOVA/03_PRODUCAO_BRUTA/DIA 4/C0019.MP4
c0020.mp4,2,1urUb70K4eiFHdCzXRZph1_pyEHo-ByfA | 1nrhApk5QQ7hCBP1fmUMlMlu-18QyODvh,01_CLIENTES/ALDEIA KARAPOTÓ TERRA NOVA/03_PRODUCAO_BRUTA/DIA 03/C0020.MP4 | 01_CLIENTES/ALDEIA KARAPOTÓ TERRA NOVA/03_PRODUCAO_BRUTA/DIA 4/C0020.MP4
c0021.mp4,2,1O72h4LbwjslQvzb4wJapPPPPXT5yQvhV | 1qyKp5jadrvY5NgVGuycQucGSwwx_Cy_Y,01_CLIENTES/ALDEIA KARAPOTÓ TERRA NOVA/03_PRODUCAO_BRUTA/DIA 03/C0021.MP4 | 01_CLIENTES/ALDEIA KARAPOTÓ TERRA NOVA/03_PRODUCAO_BRUTA/DIA 4/C0021.MP4
c0022.mp4,2,1i1zEJlyOfiLowXHOmpxTsGxxA6dJlS2U | 1UicBLz2uYHWORo1MauEXG5VWq5GqKhJw,01_CLIENTES/ALDEIA KARAPOTÓ TERRA NOVA/03_PRODUCAO_BRUTA/DIA 03/C0022.MP4 | 01_CLIENTES/ALDEIA KARAPOTÓ TERRA NOVA/03_PRODUCAO_BRUTA/DIA 4/C0022.MP4
c0023.mp4,2,1ICNCyTBVM4czRFdQYrgcXlvkWlqWCd_Y | 1_m1sq3r4r9lqZr3idYEiJ0g9BUCLgtyU,01_CLIENTES/ALDEIA KARAPOTÓ TERRA NOVA/03_PRODUCAO_BRUTA/DIA 03/C0023.MP4 | 01_CLIENTES/ALDEIA KARAPOTÓ TERRA NOVA/03_PRODUCAO_BRUTA/DIA 4/C0023.MP4
c0026.mp4,2,16Q6rwtc-zHqPapm7CjFdzakkDX9gBi5r | 1OSi-Ujyzr7iZBoxKEdklNR-eBO8ko1FF,01_CLIENTES/ALDEIA KARAPOTÓ TERRA NOVA/03_PRODUCAO_BRUTA/DIA 03/C0026.MP4 | 01_CLIENTES/ALDEIA KARAPOTÓ TERRA NOVA/03_PRODUCAO_BRUTA/DIA 4/C0026.MP4
c0030.mp4,2,1KFinwwhZypC6rzpcNwuMcuh_fuyzOls8 | 1TufbR7NTenz-tZNpcC6vP-jj_hJXVyK8,01_CLIENTES/ALDEIA KARAPOTÓ TERRA NOVA/03_PRODUCAO_BRUTA/DIA 03/C0030.MP4 | 01_CLIENTES/ALDEIA KARAPOTÓ TERRA NOVA/03_PRODUCAO_BRUTA/DIA 4/C0030.MP4
c0031.mp4,2,16pFzSw7K1V6PHDleFciDaN9xgcE2x0Sf | 1RAAwGtkprGkeTX9JlcdZwmoL5pFOdCjQ,01_CLIENTES/ALDEIA KARAPOTÓ TERRA NOVA/03_PRODUCAO_BRUTA/DIA 03/C0031.MP4 | 01_CLIENTES/ALDEIA KARAPOTÓ TERRA NOVA/03_PRODUCAO_BRUTA/DIA 4/C0031.MP4
c0032.mp4,2,1At6_VK3-WKB6sB-WGGGzO9ctU1pOcw6P | 1horNxh2TQuuDm0qQdn9fi4oWyKzCmzhR,01_CLIENTES/ALDEIA KARAPOTÓ TERRA NOVA/03_PRODUCAO_BRUTA/DIA 03/C0032.MP4 | 01_CLIENTES/ALDEIA KARAPOTÓ TERRA NOVA/03_PRODUCAO_BRUTA/DIA 4/C0032.MP4
c0033.mp4,2,1sonoc4FC9uOURdgaj-iduYdsgXrYe61l | 1THuBbW5EuvXBn9uPOwtvK5O5I08D52Zn,01_CLIENTES/ALDEIA KARAPOTÓ TERRA NOVA/03_PRODUCAO_BRUTA/DIA 03/C0033.MP4 | 01_CLIENTES/ALDEIA KARAPOTÓ TERRA NOVA/03_PRODUCAO_BRUTA/DIA 4/C0033.MP4
c0034.mp4,2,16URVXu_K_sZJzpuUpagufp6veGutltHB | 1gQRO8PGZHoJ8Lf8lHop-4AASHnixVCBj,01_CLIENTES/ALDEIA KARAPOTÓ TERRA NOVA/03_PRODUCAO_BRUTA/DIA 03/C0034.MP4 | 01_CLIENTES/ALDEIA KARAPOTÓ TERRA NOVA/03_PRODUCAO_BRUTA/DIA 4/C0034.MP4
c0035.mp4,2,1cNHYLVgM_TvUdNQaR9aKsbu7MSNU9uzG | 1UaGwFiixaqQB7GCKUl0tK9qXg8roDVkb,01_CLIENTES/ALDEIA KARAPOTÓ TERRA NOVA/03_PRODUCAO_BRUTA/DIA 03/C0035.MP4 | 01_CLIENTES/ALDEIA KARAPOTÓ TERRA NOVA/03_PRODUCAO_BRUTA/DIA 4/C0035.MP4
c0036.mp4,2,1k95wUl6df4BajEQLvTpiDReSEuXRDWZ0 | 1eYw__oMmOHKZLq1s3WzTaKZ3ISLfWx0R,01_CLIENTES/ALDEIA KARAPOTÓ TERRA NOVA/03_PRODUCAO_BRUTA/DIA 03/C0036.MP4 | 01_CLIENTES/ALDEIA KARAPOTÓ TERRA NOVA/03_PRODUCAO_BRUTA/DIA 4/C0036.MP4
c0037.mp4,2,18vtQpL0CG0WUGmu5EFs-7uUxRjVS9mqB | 1LaH1JORLFD9UzUIr5xGaqCKkRkpc0Vsv,01_CLIENTES/ALDEIA KARAPOTÓ TERRA NOVA/03_PRODUCAO_BRUTA/DIA 03/C0037.MP4 | 01_CLIENTES/ALDEIA KARAPOTÓ TERRA NOVA/03_PRODUCAO_BRUTA/DIA 4/C0037.MP4
c0038.mp4,2,1Lk49moBuU7PjBj2z1b0A3BUjokrEaqL5 | 1xOUSSAGWw4QKS2dInmAYCNFKY4m0cvxD,01_CLIENTES/ALDEIA KARAPOTÓ TERRA NOVA/03_PRODUCAO_BRUTA/DIA 03/C0038.MP4 | 01_CLIENTES/ALDEIA KARAPOTÓ TERRA NOVA/03_PRODUCAO_BRUTA/DIA 4/C0038.MP4
c0041.mp4,2,1ZzzaxiFKkkuM0RC5Huv3oZWtzhEA40Su | 1c0zcMPXtHpDRNVnMEfuqbtfuZqD6B6KG,01_CLIENTES/ALDEIA KARAPOTÓ TERRA NOVA/03_PRODUCAO_BRUTA/DIA 03/C0041.MP4 | 01_CLIENTES/ALDEIA KARAPOTÓ TERRA NOVA/03_PRODUCAO_BRUTA/DIA 4/C0041.MP4
c0044.mp4,2,1xbgRYyCTUyQjx7qzRSPvqogiCzuKHY9X | 1tTrRVU4gkTpivJe_TlIHF1aKjsV_dN6X,01_CLIENTES/ALDEIA KARAPOTÓ TERRA NOVA/03_PRODUCAO_BRUTA/DIA 03/C0044.MP4 | 01_CLIENTES/ALDEIA KARAPOTÓ TERRA NOVA/03_PRODUCAO_BRUTA/DIA 4/C0044.MP4
c0046.mp4,2,1DN_t6jP-7V_1OwTaFSNoxQ9GKrwgCrCP | 1H_F6PTtDYd2Wl4EtPvnfd2A6BXzuJ7JX,01_CLIENTES/ALDEIA KARAPOTÓ TERRA NOVA/03_PRODUCAO_BRUTA/DIA 03/C0046.MP4 | 01_CLIENTES/ALDEIA KARAPOTÓ TERRA NOVA/03_PRODUCAO_BRUTA/DIA 4/C0046.MP4
c0047.mp4,2,1gbEj-8kpr7I1LBCYatxSoSk_i6yB4yrR | 1KgLgK0OMnqMrbTMiY7LgQt4fwCVGTzy0,01_CLIENTES/ALDEIA KARAPOTÓ TERRA NOVA/03_PRODUCAO_BRUTA/DIA 03/C0047.MP4 | 01_CLIENTES/ALDEIA KARAPOTÓ TERRA NOVA/03_PRODUCAO_BRUTA/DIA 4/C0047.MP4
c0048.mp4,2,1P96nCIsxqrRM5Ihc5rXZAGBy3sB3oAxm | 18rfCw-NsyPPiwtjzuK6KUrJ7kY19dssl,01_CLIENTES/ALDEIA KARAPOTÓ TERRA NOVA/03_PRODUCAO_BRUTA/DIA 03/C0048.MP4 | 01_CLIENTES/ALDEIA KARAPOTÓ TERRA NOVA/03_PRODUCAO_BRUTA/DIA 4/C0048.MP4
c0049.mp4,2,1y-xHHez3UWvs6LEBihIfOkSPML73qjwm | 1rekC56MEn8RGK8FShKzOAFxKQjhO5YSs,01_CLIENTES/ALDEIA KARAPOTÓ TERRA NOVA/03_PRODUCAO_BRUTA/DIA 03/C0049.MP4 | 01_CLIENTES/ALDEIA KARAPOTÓ TERRA NOVA/03_PRODUCAO_BRUTA/DIA 4/C0049.MP4
c0050.mp4,2,1kNDZwHsZkRJXZqytGX3UkmCItbRz-UHL | 1RvuTVP-P9LcIDjBAQFk4VDhBpIj_vW_X,01_CLIENTES/ALDEIA KARAPOTÓ TERRA NOVA/03_PRODUCAO_BRUTA/DIA 03/C0050.MP4 | 01_CLIENTES/ALDEIA KARAPOTÓ TERRA NOVA/03_PRODUCAO_BRUTA/DIA 4/C0050.MP4
c0051.mp4,2,1qKmBX_IEpWeZbRDHz2KHdWh1Xnogz5uT | 1rNAW3Ji_a00FWDFFy26uGV_fk1iQHBcy,01_CLIENTES/ALDEIA KARAPOTÓ TERRA NOVA/03_PRODUCAO_BRUTA/DIA 03/C0051.MP4 | 01_CLIENTES/ALDEIA KARAPOTÓ TERRA NOVA/03_PRODUCAO_BRUTA/DIA 4/C0051.MP4
c0052.mp4,2,1EGyDREGwzaYHgHUflKQP-LtoNX9at9S_ | 1y-9UflHb6daWWl9eJtkubRkQ0hHM6BzC,01_CLIENTES/ALDEIA KARAPOTÓ TERRA NOVA/03_PRODUCAO_BRUTA/DIA 03/C0052.MP4 | 01_CLIENTES/ALDEIA KARAPOTÓ TERRA NOVA/03_PRODUCAO_BRUTA/DIA 4/C0052.MP4
c0053.mp4,2,1jCzOBdYxp8IPOUo9ZSqa5xPh21oVkpuo | 1S-2-cux-O22pgYb-gaHqb_Xn_9G8OJwT,01_CLIENTES/ALDEIA KARAPOTÓ TERRA NOVA/03_PRODUCAO_BRUTA/DIA 03/C0053.MP4 | 01_CLIENTES/ALDEIA KARAPOTÓ TERRA NOVA/03_PRODUCAO_BRUTA/DIA 4/C0053.MP4
c0054.mp4,2,1hftFgcjGiSu8LsmFK9B77GE2mmRSi_g2 | 1JfoUxohBqrWX41zkZRCsJVTOFQ1wjT3X,01_CLIENTES/ALDEIA KARAPOTÓ TERRA NOVA/03_PRODUCAO_BRUTA/DIA 03/C0054.MP4 | 01_CLIENTES/ALDEIA KARAPOTÓ TERRA NOVA/03_PRODUCAO_BRUTA/DIA 4/C0054.MP4
c0055.mp4,2,1otBRenHCIjsplGoi6CK14xcCxSJjNID_ | 1U4joJTOpctoc9cBRRJ1SWRwXVc8Vfqp2,01_CLIENTES/ALDEIA KARAPOTÓ TERRA NOVA/03_PRODUCAO_BRUTA/DIA 03/C0055.MP4 | 01_CLIENTES/ALDEIA KARAPOTÓ TERRA NOVA/03_PRODUCAO_BRUTA/DIA 4/C0055.MP4
c0058.mp4,2,1S4bOUf4w49nh7W8v5SnoalqpNb8Uyjg8 | 1-kMwC1OnL0gOJfOv96Uyg-kX-N6VSWA_,01_CLIENTES/ALDEIA KARAPOTÓ TERRA NOVA/03_PRODUCAO_BRUTA/DIA 03/C0058.MP4 | 01_CLIENTES/ALDEIA KARAPOTÓ TERRA NOVA/03_PRODUCAO_BRUTA/DIA 4/C0058.MP4
c0060.mp4,2,1Oq1Nr2gdHPiKkLA-aWU8F4Qo-uywuW0p | 1-VEQatPGvzJhwnBzl04BPnHr9yNMz7sQ,01_CLIENTES/ALDEIA KARAPOTÓ TERRA NOVA/03_PRODUCAO_BRUTA/DIA 03/C0060.MP4 | 01_CLIENTES/ALDEIA KARAPOTÓ TERRA NOVA/03_PRODUCAO_BRUTA/DIA 4/C0060.MP4
c0062.mp4,2,1rpeQBmW-_PWgPG8WmkM_uK14BvjF8q1u | 1bIeHImhH2StsnlCyIwIPjPiaJinCMadq,01_CLIENTES/ALDEIA KARAPOTÓ TERRA NOVA/03_PRODUCAO_BRUTA/DIA 03/C0062.MP4 | 01_CLIENTES/ALDEIA KARAPOTÓ TERRA NOVA/03_PRODUCAO_BRUTA/DIA 4/C0062.MP4
c0063.mp4,2,1gh6YJcpKy-mLziB-ZiBze9gY3XPsy3XB | 1pQULUjwlVSGPtciz1utxPNyeEUrVFNT_,01_CLIENTES/ALDEIA KARAPOTÓ TERRA NOVA/03_PRODUCAO_BRUTA/DIA 03/C0063.MP4 | 01_CLIENTES/ALDEIA KARAPOTÓ TERRA NOVA/03_PRODUCAO_BRUTA/DIA 4/C0063.MP4
c0064.mp4,2,180kbmcARYnUTAW8Ju4oDqVdvFHsPYE3G | 1VKytnBxohtlspVgtncNy9FVcAKDm3aQT,01_CLIENTES/ALDEIA KARAPOTÓ TERRA NOVA/03_PRODUCAO_BRUTA/DIA 03/C0064.MP4 | 01_CLIENTES/ALDEIA KARAPOTÓ TERRA NOVA/03_PRODUCAO_BRUTA/DIA 4/C0064.MP4
c0065.mp4,2,12cRnxoInGK9qBuqXBzb09Gebic1fWiTx | 10vH8ah9ifgBnB3ZmpTdKkhz95uKwaMum,01_CLIENTES/ALDEIA KARAPOTÓ TERRA NOVA/03_PRODUCAO_BRUTA/DIA 03/C0065.MP4 | 01_CLIENTES/ALDEIA KARAPOTÓ TERRA NOVA/03_PRODUCAO_BRUTA/DIA 4/C0065.MP4
c0066.mp4,2,1k_93UlHoNfmtUjQAjpNmVtAbE1FPnJ2r | 1gcrsuTgmrNgHgYFumljS5O0uw_C4HHs0,01_CLIENTES/ALDEIA KARAPOTÓ TERRA NOVA/03_PRODUCAO_BRUTA/DIA 03/C0066.MP4 | 01_CLIENTES/ALDEIA KARAPOTÓ TERRA NOVA/03_PRODUCAO_BRUTA/DIA 4/C0066.MP4
c0067.mp4,2,1V9pJSRkgzO561FEe9SuVIC_qCnlA5SmT | 1eU1dgyGx8IOJTSXfIoA0ItGRsJ_YobWi,01_CLIENTES/ALDEIA KARAPOTÓ TERRA NOVA/03_PRODUCAO_BRUTA/DIA 03/C0067.MP4 | 01_CLIENTES/ALDEIA KARAPOTÓ TERRA NOVA/03_PRODUCAO_BRUTA/DIA 4/C0067.MP4
c0068.mp4,2,14k6Ju0oohYYHJ4rJ2iWOZcctbfKQ4Qcv | 1EnlJUQkIVric-KYgMzHwgouvJjsDBnGe,01_CLIENTES/ALDEIA KARAPOTÓ TERRA NOVA/03_PRODUCAO_BRUTA/DIA 03/C0068.MP4 | 01_CLIENTES/ALDEIA KARAPOTÓ TERRA NOVA/03_PRODUCAO_BRUTA/DIA 4/C0068.MP4
c0069.mp4,2,1ww22S_bMYRaSALK7jOgOFvM-HLjJTNv0 | 1jYZ3Jmp7P_jpN5EqOFUoJka31RFMQo44,01_CLIENTES/ALDEIA KARAPOTÓ TERRA NOVA/03_PRODUCAO_BRUTA/DIA 03/C0069.MP4 | 01_CLIENTES/ALDEIA KARAPOTÓ TERRA NOVA/03_PRODUCAO_BRUTA/DIA 4/C0069.MP4
c0071.mp4,2,19jw5s1CFVv9GdX6cX74tzzY4wKjUz2hh | 1e95La9unBk7fgAd_cDJK46Kben8ft2Vl,01_CLIENTES/ALDEIA KARAPOTÓ TERRA NOVA/03_PRODUCAO_BRUTA/DIA 03/C0071.MP4 | 01_CLIENTES/ALDEIA KARAPOTÓ TERRA NOVA/03_PRODUCAO_BRUTA/DIA 4/C0071.MP4
c0072.mp4,2,1cWwOdWURxZF6kOAE03OszaQaaRwI5fYQ | 1uCOimNGwOvbgbmnIoOqDtyu6CkXJWoyV,01_CLIENTES/ALDEIA KARAPOTÓ TERRA NOVA/03_PRODUCAO_BRUTA/DIA 03/C0072.MP4 | 01_CLIENTES/ALDEIA KARAPOTÓ TERRA NOVA/03_PRODUCAO_BRUTA/DIA 4/C0072.MP4
c0073.mp4,2,1YDMyYxQne_1GcsUxhCwku1Z_TXOgJTtD | 1ZfYnpF4L7ZzFbGhrfZHyVNxeZ9OLekR0,01_CLIENTES/ALDEIA KARAPOTÓ TERRA NOVA/03_PRODUCAO_BRUTA/DIA 03/C0073.MP4 | 01_CLIENTES/ALDEIA KARAPOTÓ TERRA NOVA/03_PRODUCAO_BRUTA/DIA 4/C0073.MP4
c0074.mp4,2,1LFTNkDDtLYOzuup6oMu1uzT8PB8eOKJy | 1aLxJpKtPIL3esODB86q7UbrftgbqnNsb,01_CLIENTES/ALDEIA KARAPOTÓ TERRA NOVA/03_PRODUCAO_BRUTA/DIA 03/C0074.MP4 | 01_CLIENTES/ALDEIA KARAPOTÓ TERRA NOVA/03_PRODUCAO_BRUTA/DIA 4/C0074.MP4
c0075.mp4,2,1D5OpKsZEEm9Fqq8v8zgZ_T33CknoKhS6 | 1mLpHucRL1ZDbID3ZnlmXKFSBPNruswtO,01_CLIENTES/ALDEIA KARAPOTÓ TERRA NOVA/03_PRODUCAO_BRUTA/DIA 03/C0075.MP4 | 01_CLIENTES/ALDEIA KARAPOTÓ TERRA NOVA/03_PRODUCAO_BRUTA/DIA 4/C0075.MP4
c0076.mp4,2,14E4Kazs-1y5QF6kDvKlpgDnmMGTs05Qc | 1eDpjxfQZ6Hnkby7RlCfRmiJajloEh9El,01_CLIENTES/ALDEIA KARAPOTÓ TERRA NOVA/03_PRODUCAO_BRUTA/DIA 03/C0076.MP4 | 01_CLIENTES/ALDEIA KARAPOTÓ TERRA NOVA/03_PRODUCAO_BRUTA/DIA 4/C0076.MP4
c0077.mp4,2,14HInVAQBQEJfHDBwXkl-UVLniDU_YKZ4 | 1PpMLp4qtZyzJ0vuUIFzAT3OmxUDvQUSt,01_CLIENTES/ALDEIA KARAPOTÓ TERRA NOVA/03_PRODUCAO_BRUTA/DIA 03/C0077.MP4 | 01_CLIENTES/ALDEIA KARAPOTÓ TERRA NOVA/03_PRODUCAO_BRUTA/DIA 4/C0077.MP4
c0078.mp4,2,1h362cSGURukJ0OvYKQFJ0n4WebKfGAj_ | 1C_Z_VzTuxnkU0qMASbdScqJOw6J0X7QA,01_CLIENTES/ALDEIA KARAPOTÓ TERRA NOVA/03_PRODUCAO_BRUTA/DIA 03/C0078.MP4 | 01_CLIENTES/ALDEIA KARAPOTÓ TERRA NOVA/03_PRODUCAO_BRUTA/DIA 4/C0078.MP4
c0079.mp4,2,1jyOWWvh5E9SP_GePmQ6L74RO9Nkwq6hy | 1UJeDDCM7udeYrk-N73B0dz5WP5gdnFtA,01_CLIENTES/ALDEIA KARAPOTÓ TERRA NOVA/03_PRODUCAO_BRUTA/DIA 03/C0079.MP4 | 01_CLIENTES/ALDEIA KARAPOTÓ TERRA NOVA/03_PRODUCAO_BRUTA/DIA 4/C0079.MP4
c0080.mp4,2,1n0SkHdMrLKOxim2-uKC7YeyU9Yeon9z9 | 1iK0gkCzfFQ9DROnAmcYq4nOKd6vv71rO,01_CLIENTES/ALDEIA KARAPOTÓ TERRA NOVA/03_PRODUCAO_BRUTA/DIA 03/C0080.MP4 | 01_CLIENTES/ALDEIA KARAPOTÓ TERRA NOVA/03_PRODUCAO_BRUTA/DIA 4/C0080.MP4
c0081.mp4,2,1Q38JadWc7kbE-dBKaAzdX2rJDEI4Ht7S | 12xa76-EL8wmzR_mOHPO8duIl43YpoM4x,01_CLIENTES/ALDEIA KARAPOTÓ TERRA NOVA/03_PRODUCAO_BRUTA/DIA 03/C0081.MP4 | 01_CLIENTES/ALDEIA KARAPOTÓ TERRA NOVA/03_PRODUCAO_BRUTA/DIA 4/C0081.MP4
c0082.mp4,2,1RbVq68yrNh93Br93kogcIgj7-xFZ0Clz | 1uXDYlvSw2llW6Mkb-UJIRvc-lVbYC0xa,01_CLIENTES/ALDEIA KARAPOTÓ TERRA NOVA/03_PRODUCAO_BRUTA/DIA 03/C0082.MP4 | 01_CLIENTES/ALDEIA KARAPOTÓ TERRA NOVA/03_PRODUCAO_BRUTA/DIA 4/C0082.MP4
c0083.mp4,2,1N3PO2hK7KgwnLWZvfFkRG2LCrtyMx0fN | 1toBXZ2mLTdJrE66TUl7Vif0_c8Z1pToq,01_CLIENTES/ALDEIA KARAPOTÓ TERRA NOVA/03_PRODUCAO_BRUTA/DIA 03/C0083.MP4 | 01_CLIENTES/ALDEIA KARAPOTÓ TERRA NOVA/03_PRODUCAO_BRUTA/DIA 4/C0083.MP4
c0084.mp4,2,1FCt0wy-oZyPsca5uF1_wQ7T96fp7_c9e | 1fbPdLGbzBMRtWOgKrw_VoMGCnXzdmmop,01_CLIENTES/ALDEIA KARAPOTÓ TERRA NOVA/03_PRODUCAO_BRUTA/DIA 03/C0084.MP4 | 01_CLIENTES/ALDEIA KARAPOTÓ TERRA NOVA/03_PRODUCAO_BRUTA/DIA 4/C0084.MP4
c0085.mp4,2,1dB1kk4x6HQaoepvmRcyycVd0rRjK356V | 1sqoyWJn_4lVfIKvOWfV4hfoolmEmxT-t,01_CLIENTES/ALDEIA KARAPOTÓ TERRA NOVA/03_PRODUCAO_BRUTA/DIA 03/C0085.MP4 | 01_CLIENTES/ALDEIA KARAPOTÓ TERRA NOVA/03_PRODUCAO_BRUTA/DIA 4/C0085.MP4
c0086.mp4,2,17Z7-scJgo0JZ6gjNz6lJjb53kFae6e5W | 137Tptr7EXDYJWJ_X72p3TOLNraddKh1J,01_CLIENTES/ALDEIA KARAPOTÓ TERRA NOVA/03_PRODUCAO_BRUTA/DIA 03/C0086.MP4 | 01_CLIENTES/ALDEIA KARAPOTÓ TERRA NOVA/03_PRODUCAO_BRUTA/DIA 4/C0086.MP4
c0088.mp4,2,1ktiIoNfBbX4Qkc-74AFfvEPtrBwGRiA- | 1jE5zJFmFg_Oho_JOGMv0HOYkwSgEEYOs,01_CLIENTES/ALDEIA KARAPOTÓ TERRA NOVA/03_PRODUCAO_BRUTA/DIA 03/C0088.MP4 | 01_CLIENTES/ALDEIA KARAPOTÓ TERRA NOVA/03_PRODUCAO_BRUTA/DIA 4/C0088.MP4
c0089.mp4,2,1mD8WdisVhf1l3wZyzR7K69LgLfQli_n7 | 1AQDPpanacH78bTVHLzgUq9HyJMfRAT23,01_CLIENTES/ALDEIA KARAPOTÓ TERRA NOVA/03_PRODUCAO_BRUTA/DIA 03/C0089.MP4 | 01_CLIENTES/ALDEIA KARAPOTÓ TERRA NOVA/03_PRODUCAO_BRUTA/DIA 4/C0089.MP4
c0090.mp4,2,1XR4F6iOsSs4XF7EHxufSJbu9HkT4SDW4 | 1wh5Fjt8B5-ytV58qN4PbXAkdTXlmlO5-,01_CLIENTES/ALDEIA KARAPOTÓ TERRA NOVA/03_PRODUCAO_BRUTA/DIA 03/C0090.MP4 | 01_CLIENTES/ALDEIA KARAPOTÓ TERRA NOVA/03_PRODUCAO_BRUTA/DIA 4/C0090.MP4
c0091.mp4,2,1Py_5IFdZxxsJ7woFDcu-VigwLlkl5H_h | 1VDMIrjPjDdWXJlsdta8gt7q4xn5Te8EO,01_CLIENTES/ALDEIA KARAPOTÓ TERRA NOVA/03_PRODUCAO_BRUTA/DIA 03/C0091.MP4 | 01_CLIENTES/ALDEIA KARAPOTÓ TERRA NOVA/03_PRODUCAO_BRUTA/DIA 4/C0091.MP4
c0092.mp4,2,1UAVwB2iw2CEXmiUQVHLa-AsPdd4sp5k0 | 1ITaZN9H96dxNdnr5orxJThoCpdOGiIlJ,01_CLIENTES/ALDEIA KARAPOTÓ TERRA NOVA/03_PRODUCAO_BRUTA/DIA 03/C0092.MP4 | 01_CLIENTES/ALDEIA KARAPOTÓ TERRA NOVA/03_PRODUCAO_BRUTA/DIA 4/C0092.MP4
c0093.mp4,2,1YYhTCYQb34YLqj_jPDT054IhUwMGd04u | 1j3cGIQkad-ulgiHt1Hz3R4vGZiBWUJ6U,01_CLIENTES/ALDEIA KARAPOTÓ TERRA NOVA/03_PRODUCAO_BRUTA/DIA 03/C0093.MP4 | 01_CLIENTES/ALDEIA KARAPOTÓ TERRA NOVA/03_PRODUCAO_BRUTA/DIA 4/C0093.MP4
c0094.mp4,2,1rjc_U7YHiKRAL_L4HN9JpamZOX2jiXVR | 1Po-FppeaXHx8vCqRvZKP_Bw6kTTGRP4A,01_CLIENTES/ALDEIA KARAPOTÓ TERRA NOVA/03_PRODUCAO_BRUTA/DIA 03/C0094.MP4 | 01_CLIENTES/ALDEIA KARAPOTÓ TERRA NOVA/03_PRODUCAO_BRUTA/DIA 4/C0094.MP4
c0095.mp4,2,1M7HFTwLtF3XM7YYOXAwnzhKxLORLgVOl | 1jT_zf0JXiorR_wcvY-ttz3Fs_cuXWCsR,01_CLIENTES/ALDEIA KARAPOTÓ TERRA NOVA/03_PRODUCAO_BRUTA/DIA 03/C0095.MP4 | 01_CLIENTES/ALDEIA KARAPOTÓ TERRA NOVA/03_PRODUCAO_BRUTA/DIA 4/C0095.MP4
c0096.mp4,2,1Zu7cJyRkpIURHpuqM9jWSsB5uhCS6YIT | 1JFYnBCL4EDC_bMe2BBd9cEZgvvVVb1Zn,01_CLIENTES/ALDEIA KARAPOTÓ TERRA NOVA/03_PRODUCAO_BRUTA/DIA 03/C0096.MP4 | 01_CLIENTES/ALDEIA KARAPOTÓ TERRA NOVA/03_PRODUCAO_BRUTA/DIA 4/C0096.MP4
c0097.mp4,2,1pmk_eRwI2a3V0g2YKZhykpuGsxxwmfow | 1EeBqYXdqFXyP118uI5gcYG4r2j5wcbFj,01_CLIENTES/ALDEIA KARAPOTÓ TERRA NOVA/03_PRODUCAO_BRUTA/DIA 03/C0097.MP4 | 01_CLIENTES/ALDEIA KARAPOTÓ TERRA NOVA/03_PRODUCAO_BRUTA/DIA 4/C0097.MP4
c0098.mp4,2,1as3knz4QMG2ky0p99BF_lANzrwYxWiVs | 1QeIULzUpfl3bPT6HYQl9LK7FBkUC_fHn,01_CLIENTES/ALDEIA KARAPOTÓ TERRA NOVA/03_PRODUCAO_BRUTA/DIA 03/C0098.MP4 | 01_CLIENTES/ALDEIA KARAPOTÓ TERRA NOVA/03_PRODUCAO_BRUTA/DIA 4/C0098.MP4
c0099.mp4,2,1FCOpJq6I_clvmBMfMQHaBVqVtF0OaCb7 | 1Q3esfuZCntpA1PwafK1PU14OjjF61l20,01_CLIENTES/ALDEIA KARAPOTÓ TERRA NOVA/03_PRODUCAO_BRUTA/DIA 03/C0099.MP4 | 01_CLIENTES/ALDEIA KARAPOTÓ TERRA NOVA/03_PRODUCAO_BRUTA/DIA 4/C0099.MP4
c0100.mp4,2,1-o0u5PiDrOr9e_LbYw-dYFSKeIDQPdiR | 14LtIQf45Fx_MkI8X6kEewnP0DB54pnX6,01_CLIENTES/ALDEIA KARAPOTÓ TERRA NOVA/03_PRODUCAO_BRUTA/DIA 03/C0100.MP4 | 01_CLIENTES/ALDEIA KARAPOTÓ TERRA NOVA/03_PRODUCAO_BRUTA/DIA 4/C0100.MP4
c0101.mp4,2,19TMCNyoyLEpgVGXQ_jIvNNld5Izn56rU | 1enHxKZLZjhLvAhsoWd93MvWUAuDoqtT-,01_CLIENTES/ALDEIA KARAPOTÓ TERRA NOVA/03_PRODUCAO_BRUTA/DIA 03/C0101.MP4 | 01_CLIENTES/ALDEIA KARAPOTÓ TERRA NOVA/03_PRODUCAO_BRUTA/DIA 4/C0101.MP4
c0102.mp4,2,1MMztj99HA2cWFMqXnYU-e-e80w8TVbBp | 1VCBSXnOWSWDZddvoKJcuxVfNiY4t_yne,01_CLIENTES/ALDEIA KARAPOTÓ TERRA NOVA/03_PRODUCAO_BRUTA/DIA 03/C0102.MP4 | 01_CLIENTES/ALDEIA KARAPOTÓ TERRA NOVA/03_PRODUCAO_BRUTA/DIA 4/C0102.MP4
c0103.mp4,2,1nxaaZwRKF_uK1R1lglZXGHd1krHdmy_P | 1DU32OxIvFmmJJTxfL4kX-FZ8MPxR8EsA,01_CLIENTES/ALDEIA KARAPOTÓ TERRA NOVA/03_PRODUCAO_BRUTA/DIA 03/C0103.MP4 | 01_CLIENTES/ALDEIA KARAPOTÓ TERRA NOVA/03_PRODUCAO_BRUTA/DIA 4/C0103.MP4
c0104.mp4,2,18YNDd31Oa2SnkcatiQU4mKdLQ8oG_tIJ | 1qm-tcvjfbFn3b8SbxzpKPJk88A4IHDSO,01_CLIENTES/ALDEIA KARAPOTÓ TERRA NOVA/03_PRODUCAO_BRUTA/DIA 03/C0104.MP4 | 01_CLIENTES/ALDEIA KARAPOTÓ TERRA NOVA/03_PRODUCAO_BRUTA/DIA 4/C0104.MP4
c0105.mp4,2,1cQCscNSkH7mAuUC0-Ik6ymo5Jj5h9YSP | 1G1SfBuvYpg-SV8V7AiztujhM9qViP1pc,01_CLIENTES/ALDEIA KARAPOTÓ TERRA NOVA/03_PRODUCAO_BRUTA/DIA 03/C0105.MP4 | 01_CLIENTES/ALDEIA KARAPOTÓ TERRA NOVA/03_PRODUCAO_BRUTA/DIA 4/C0105.MP4
c0106.mp4,2,1sEK4pXKFGsYNueXHgifC-5VSw4M5SCB7 | 1VUaNRE0bmCnfjYWKbk0rN1sHxmnenS0p,01_CLIENTES/ALDEIA KARAPOTÓ TERRA NOVA/03_PRODUCAO_BRUTA/DIA 03/C0106.MP4 | 01_CLIENTES/ALDEIA KARAPOTÓ TERRA NOVA/03_PRODUCAO_BRUTA/DIA 4/C0106.MP4
c0107.mp4,2,1ksfCIcYzDUW5LteJGoqLhlKIFJSdHpaB | 1ar2fm9ifuHk-7PfrLFNc4_MjA6AusrJt,01_CLIENTES/ALDEIA KARAPOTÓ TERRA NOVA/03_PRODUCAO_BRUTA/DIA 03/C0107.MP4 | 01_CLIENTES/ALDEIA KARAPOTÓ TERRA NOVA/03_PRODUCAO_BRUTA/DIA 4/C0107.MP4
c0108.mp4,2,1CxzEUYndHraNUG8WlYssmLszTtumJmsB | 1y55zfzbgDSX2eJiiMgvBpD2SN3SbaBK1,01_CLIENTES/ALDEIA KARAPOTÓ TERRA NOVA/03_PRODUCAO_BRUTA/DIA 03/C0108.MP4 | 01_CLIENTES/ALDEIA KARAPOTÓ TERRA NOVA/03_PRODUCAO_BRUTA/DIA 4/C0108.MP4
c0109.mp4,2,1OFi5PPJ6l_0mQ0dr-E1MPkPMMHGJvlD0 | 1H8RbdrYD5W661kdRlY6YeZhfnXA3p2Eo,01_CLIENTES/ALDEIA KARAPOTÓ TERRA NOVA/03_PRODUCAO_BRUTA/DIA 03/C0109.MP4 | 01_CLIENTES/ALDEIA KARAPOTÓ TERRA NOVA/03_PRODUCAO_BRUTA/DIA 4/C0109.MP4
c0110.mp4,2,13-DOFqRuuZhTz8omjbLJ2sXb180sft5y | 1KiLYUkOxibdqTgn7WlXJ2Ee6ZVUbgmAw,01_CLIENTES/ALDEIA KARAPOTÓ TERRA NOVA/03_PRODUCAO_BRUTA/DIA 03/C0110.MP4 | 01_CLIENTES/ALDEIA KARAPOTÓ TERRA NOVA/03_PRODUCAO_BRUTA/DIA 4/C0110.MP4
c0111.mp4,2,1gQxjnRBJDFsJWN65UPK0CleOVTx_r1lA | 1PcB_q2uiGszwi6ETVBZaY2ym-5dPI5t6,01_CLIENTES/ALDEIA KARAPOTÓ TERRA NOVA/03_PRODUCAO_BRUTA/DIA 03/C0111.MP4 | 01_CLIENTES/ALDEIA KARAPOTÓ TERRA NOVA/03_PRODUCAO_BRUTA/DIA 4/C0111.MP4
c0112.mp4,2,10OxoYS1Oq4UmAzzR94sCfc63AgY6q-9L | 1AM0-iML_sgJWAognlg4rMhlDvEHZUN7k,01_CLIENTES/ALDEIA KARAPOTÓ TERRA NOVA/03_PRODUCAO_BRUTA/DIA 03/C0112.MP4 | 01_CLIENTES/ALDEIA KARAPOTÓ TERRA NOVA/03_PRODUCAO_BRUTA/DIA 4/C0112.MP4
c0113.mp4,2,16lIiul3wExrLMWqbsAV-6KEGe0SGpz8x | 1IOAmF56ABPspuwiY9gLUESqjw09LWW3n,01_CLIENTES/ALDEIA KARAPOTÓ TERRA NOVA/03_PRODUCAO_BRUTA/DIA 03/C0113.MP4 | 01_CLIENTES/ALDEIA KARAPOTÓ TERRA NOVA/03_PRODUCAO_BRUTA/DIA 4/C0113.MP4
c0114.mp4,2,12d7O8RU5qPScLslEI5f6CKowwLHzVE53 | 1z5lAkgcx2BwcW_e2aRAfx84k7wzKkUOw,01_CLIENTES/ALDEIA KARAPOTÓ TERRA NOVA/03_PRODUCAO_BRUTA/DIA 03/C0114.MP4 | 01_CLIENTES/ALDEIA KARAPOTÓ TERRA NOVA/03_PRODUCAO_BRUTA/DIA 4/C0114.MP4
c0115.mp4,2,16ULoGujo1qSTVrTEusrQJrnt1Xm3b5lj | 1e_L3PLQ9nvwMp5yK38HBCgB9NpXurhHp,01_CLIENTES/ALDEIA KARAPOTÓ TERRA NOVA/03_PRODUCAO_BRUTA/DIA 03/C0115.MP4 | 01_CLIENTES/ALDEIA KARAPOTÓ TERRA NOVA/03_PRODUCAO_BRUTA/DIA 4/C0115.MP4
c0116.mp4,2,1-RQAIzypKAYsr-IbjVupxMqvCjb2OTtz | 1RTTE31ZOLe8CFtkQxSkLY9J7ArPPB8F4,01_CLIENTES/ALDEIA KARAPOTÓ TERRA NOVA/03_PRODUCAO_BRUTA/DIA 03/C0116.MP4 | 01_CLIENTES/ALDEIA KARAPOTÓ TERRA NOVA/03_PRODUCAO_BRUTA/DIA 4/C0116.MP4
c0117.mp4,2,1V3pGtdzgWTEwwASU6OFBUP7Mtq2csYDp | 1LuJzK6oKnrsLaqeEoxpeOtOHk1SrmQ5u,01_CLIENTES/ALDEIA KARAPOTÓ TERRA NOVA/03_PRODUCAO_BRUTA/DIA 03/C0117.MP4 | 01_CLIENTES/ALDEIA KARAPOTÓ TERRA NOVA/03_PRODUCAO_BRUTA/DIA 4/C0117.MP4
c0118.mp4,2,1O9MQweD201yI3mldrGdPo-zDv27DVzIU | 1mCqxB5xBd80OZoelVi9chBGHjFPR_KwS,01_CLIENTES/ALDEIA KARAPOTÓ TERRA NOVA/03_PRODUCAO_BRUTA/DIA 03/C0118.MP4 | 01_CLIENTES/ALDEIA KARAPOTÓ TERRA NOVA/03_PRODUCAO_BRUTA/DIA 4/C0118.MP4
c0119.mp4,2,1IssJ6ERURIaWj0ON0ZXQzGUb94tTRHYs | 1XKUsy3BqmjvYW_2cRMrIeGY1qIlHxcdh,01_CLIENTES/ALDEIA KARAPOTÓ TERRA NOVA/03_PRODUCAO_BRUTA/DIA 03/C0119.MP4 | 01_CLIENTES/ALDEIA KARAPOTÓ TERRA NOVA/03_PRODUCAO_BRUTA/DIA 4/C0119.MP4
c0120.mp4,2,1G2AAFHlPimSzwmrolv-DQTFEc03Nzx7l | 1WoPJyEmI_yo5kj6dgcKTw_wNwRhrxY95,01_CLIENTES/ALDEIA KARAPOTÓ TERRA NOVA/03_PRODUCAO_BRUTA/DIA 03/C0120.MP4 | 01_CLIENTES/ALDEIA KARAPOTÓ TERRA NOVA/03_PRODUCAO_BRUTA/DIA 4/C0120.MP4
c0121.mp4,2,19IzrXgiHnKIqnPTQVjkJ7rVdWHsERfEG | 1BHOYQRmqmK1Sq9hzAZfYOL0_hi-Q-Jhd,01_CLIENTES/ALDEIA KARAPOTÓ TERRA NOVA/03_PRODUCAO_BRUTA/DIA 03/C0121.MP4 | 01_CLIENTES/ALDEIA KARAPOTÓ TERRA NOVA/03_PRODUCAO_BRUTA/DIA 4/C0121.MP4
c0122.mp4,2,13F_qmq3Zu3KuG21umk7yw-azjg7eoj7r | 1YKUWpcZZqMxvgz9I2Mbew57I2cQwE9c7,01_CLIENTES/ALDEIA KARAPOTÓ TERRA NOVA/03_PRODUCAO_BRUTA/DIA 03/C0122.MP4 | 01_CLIENTES/ALDEIA KARAPOTÓ TERRA NOVA/03_PRODUCAO_BRUTA/DIA 4/C0122.MP4
c0123.mp4,2,15lwRAu5UiuQ-SJRCeeAqonXhVx3oF1Pq | 1JDQL7i2hZOGleb0EdzT3sLQTwMY14-K9,01_CLIENTES/ALDEIA KARAPOTÓ TERRA NOVA/03_PRODUCAO_BRUTA/DIA 03/C0123.MP4 | 01_CLIENTES/ALDEIA KARAPOTÓ TERRA NOVA/03_PRODUCAO_BRUTA/DIA 4/C0123.MP4
c0124.mp4,2,14ejYiyjw_ogdQWv5OE9FwGAPCDqkZ8k2 | 1rEwn6Vs1156nr_OEohLbfYsPE61O-GYQ,01_CLIENTES/ALDEIA KARAPOTÓ TERRA NOVA/03_PRODUCAO_BRUTA/DIA 03/C0124.MP4 | 01_CLIENTES/ALDEIA KARAPOTÓ TERRA NOVA/03_PRODUCAO_BRUTA/DIA 4/C0124.MP4
c0125.mp4,2,1a6C1eix1m7z4DFKb8xP9IzREEfAByJSH | 1RDSjKZfa589k4-urUAOtklmOxa_TAQVT,01_CLIENTES/ALDEIA KARAPOTÓ TERRA NOVA/03_PRODUCAO_BRUTA/DIA 03/C0125.MP4 | 01_CLIENTES/ALDEIA KARAPOTÓ TERRA NOVA/03_PRODUCAO_BRUTA/DIA 4/C0125.MP4
c0126.mp4,2,1sq5nB9Yb-ykGnbzKKOy3ZwrvSBc13sWZ | 1YCi9o9PNkiFtZqAI3hPm6m18ZsbQVXtg,01_CLIENTES/ALDEIA KARAPOTÓ TERRA NOVA/03_PRODUCAO_BRUTA/DIA 03/C0126.MP4 | 01_CLIENTES/ALDEIA KARAPOTÓ TERRA NOVA/03_PRODUCAO_BRUTA/DIA 4/C0126.MP4
c0127.mp4,2,1XTuhGTmVl3j0wG7ZLPXbiZQW3BraxiuL | 1p59DI0Vq15pu10r6eVzRKXRi9gDH9UrK,01_CLIENTES/ALDEIA KARAPOTÓ TERRA NOVA/03_PRODUCAO_BRUTA/DIA 03/C0127.MP4 | 01_CLIENTES/ALDEIA KARAPOTÓ TERRA NOVA/03_PRODUCAO_BRUTA/DIA 4/C0127.MP4
c0128.mp4,2,1-ItVgDAtVIDfQGzvfoRhEwtP_AaBPNIB | 16jMIklx8TX3Y-hxs6gWb944h1YAVgviF,01_CLIENTES/ALDEIA KARAPOTÓ TERRA NOVA/03_PRODUCAO_BRUTA/DIA 03/C0128.MP4 | 01_CLIENTES/ALDEIA KARAPOTÓ TERRA NOVA/03_PRODUCAO_BRUTA/DIA 4/C0128.MP4
c0129.mp4,2,1mX0BoGKjEMroBZEUATY_mHU5LY-l6hA- | 1n5zWGi0PapQ3JuXmWYsDjKSlcxZUJho0,01_CLIENTES/ALDEIA KARAPOTÓ TERRA NOVA/03_PRODUCAO_BRUTA/DIA 03/C0129.MP4 | 01_CLIENTES/ALDEIA KARAPOTÓ TERRA NOVA/03_PRODUCAO_BRUTA/DIA 4/C0129.MP4
c0130.mp4,2,1iDAQYKSHEBoOQFMp9tX-O3kbpia_obrO | 1kzk-ZaLEMsDTJ7f9y4PRR4hf7xmi-lX4,01_CLIENTES/ALDEIA KARAPOTÓ TERRA NOVA/03_PRODUCAO_BRUTA/DIA 03/C0130.MP4 | 01_CLIENTES/ALDEIA KARAPOTÓ TERRA NOVA/03_PRODUCAO_BRUTA/DIA 4/C0130.MP4
c0131.mp4,2,12zlw-xrobLezlWtYnMvSIKJPjvXPlp5M | 1rt938MmHXT3QBUQmFL73lJ1QMok-We53,01_CLIENTES/ALDEIA KARAPOTÓ TERRA NOVA/03_PRODUCAO_BRUTA/DIA 03/C0131.MP4 | 01_CLIENTES/ALDEIA KARAPOTÓ TERRA NOVA/03_PRODUCAO_BRUTA/DIA 4/C0131.MP4
c0132.mp4,2,1gBAep30rpRwvpUgnX6x3PgxIHyAhYMW6 | 1on0gUY0g9UL1dSJ_GbE9qsFm80eqMa6C,01_CLIENTES/ALDEIA KARAPOTÓ TERRA NOVA/03_PRODUCAO_BRUTA/DIA 03/C0132.MP4 | 01_CLIENTES/ALDEIA KARAPOTÓ TERRA NOVA/03_PRODUCAO_BRUTA/DIA 4/C0132.MP4
c0133.mp4,2,1dhl7lWF-xNNLKkH-NOXTD_B6ocPU_bdS | 14wSK9c8hnZiz5AbkgB1dwfB0hSteVxDr,01_CLIENTES/ALDEIA KARAPOTÓ TERRA NOVA/03_PRODUCAO_BRUTA/DIA 03/C0133.MP4 | 01_CLIENTES/ALDEIA KARAPOTÓ TERRA NOVA/03_PRODUCAO_BRUTA/DIA 4/C0133.MP4
c0134.mp4,2,18B1P7-k9_H_-CN5epx6Q5lp3JDH4L3Lx | 1waGNYLJwM-mRoa42t8yt4WMW0rvhUDJw,01_CLIENTES/ALDEIA KARAPOTÓ TERRA NOVA/03_PRODUCAO_BRUTA/DIA 03/C0134.MP4 | 01_CLIENTES/ALDEIA KARAPOTÓ TERRA NOVA/03_PRODUCAO_BRUTA/DIA 4/C0134.MP4
c0135.mp4,2,1nYTN_iK_KCeQP9oG1jBdX5oLU7BMCeJB | 192fSG7cW1PIbhpktannOUAtXf4h7dLl0,01_CLIENTES/ALDEIA KARAPOTÓ TERRA NOVA/03_PRODUCAO_BRUTA/DIA 03/C0135.MP4 | 01_CLIENTES/ALDEIA KARAPOTÓ TERRA NOVA/03_PRODUCAO_BRUTA/DIA 4/C0135.MP4
c0136.mp4,2,1816-x2YacdDsIQ_JimmizjV0ijPWBFe2 | 1VASBGO9MKgjgVKFwN7mnOxbVX5d9E2Fs,01_CLIENTES/ALDEIA KARAPOTÓ TERRA NOVA/03_PRODUCAO_BRUTA/DIA 03/C0136.MP4 | 01_CLIENTES/ALDEIA KARAPOTÓ TERRA NOVA/03_PRODUCAO_BRUTA/DIA 4/C0136.MP4
c0137.mp4,2,1QQdf2Y7FwnPTznPXT6WvETdUdQSAbgRY | 1oX_bdxwnsD5KvC-4myv2OfYS6CG_KEL9,01_CLIENTES/ALDEIA KARAPOTÓ TERRA NOVA/03_PRODUCAO_BRUTA/DIA 03/C0137.MP4 | 01_CLIENTES/ALDEIA KARAPOTÓ TERRA NOVA/03_PRODUCAO_BRUTA/DIA 4/C0137.MP4
c0138.mp4,2,1P5RqbYK-uqyTxwhDSR6d6aDR3wZGhOxj | 1S0QSzYuh9qRGkp0dV-PoIc1Z15I1vaLg,01_CLIENTES/ALDEIA KARAPOTÓ TERRA NOVA/03_PRODUCAO_BRUTA/DIA 03/C0138.MP4 | 01_CLIENTES/ALDEIA KARAPOTÓ TERRA NOVA/03_PRODUCAO_BRUTA/DIA 4/C0138.MP4
c0139.mp4,2,1taZwFOOU1IEOIjEQCCsPQWFEv40cJna2 | 1N0hjl7MW5ErnSXxY3zZkwpjTqRlOByz9,01_CLIENTES/ALDEIA KARAPOTÓ TERRA NOVA/03_PRODUCAO_BRUTA/DIA 03/C0139.MP4 | 01_CLIENTES/ALDEIA KARAPOTÓ TERRA NOVA/03_PRODUCAO_BRUTA/DIA 4/C0139.MP4
c0140.mp4,2,1FGsk31HFfD2KQ3jaY2VFc8jFgZ9M0gX2 | 1BbPDEERUCTxJmQ38jMKfhsQf9PoiKdht,01_CLIENTES/ALDEIA KARAPOTÓ TERRA NOVA/03_PRODUCAO_BRUTA/DIA 03/C0140.MP4 | 01_CLIENTES/ALDEIA KARAPOTÓ TERRA NOVA/03_PRODUCAO_BRUTA/DIA 4/C0140.MP4
c0141.mp4,2,1BBf_hP8g9m-m_9sf_p_MEEShmy2Xhc1v | 1mc5sYOw0M57oO8z4yoU-E6DRlm-zCFCw,01_CLIENTES/ALDEIA KARAPOTÓ TERRA NOVA/03_PRODUCAO_BRUTA/DIA 03/C0141.MP4 | 01_CLIENTES/ALDEIA KARAPOTÓ TERRA NOVA/03_PRODUCAO_BRUTA/DIA 4/C0141.MP4
c0142.mp4,2,1Zs68vOno_BX1aW7FIJQYmp3kNTDjme6d | 1F0XDlrqWakNv_8OP6Haf9ZgRz7PxHxXZ,01_CLIENTES/ALDEIA KARAPOTÓ TERRA NOVA/03_PRODUCAO_BRUTA/DIA 03/C0142.MP4 | 01_CLIENTES/ALDEIA KARAPOTÓ TERRA NOVA/03_PRODUCAO_BRUTA/DIA 4/C0142.MP4
c0143.mp4,2,1HmpGQM7OS6gCjW9o3oBlkVtWSnI4jH6L | 1B6DDwaMz-bsvvGWqX2HTgE7CDluKpzRW,01_CLIENTES/ALDEIA KARAPOTÓ TERRA NOVA/03_PRODUCAO_BRUTA/DIA 03/C0143.MP4 | 01_CLIENTES/ALDEIA KARAPOTÓ TERRA NOVA/03_PRODUCAO_BRUTA/DIA 4/C0143.MP4
c0144.mp4,2,1XRTpSanQY9HkI-T9zoSsm5QdeYUM77VF | 11v9OOrSCMVN5hKVJ-5HozlYYI5kMbpIF,01_CLIENTES/ALDEIA KARAPOTÓ TERRA NOVA/03_PRODUCAO_BRUTA/DIA 03/C0144.MP4 | 01_CLIENTES/ALDEIA KARAPOTÓ TERRA NOVA/03_PRODUCAO_BRUTA/DIA 4/C0144.MP4
c0145.mp4,2,1GFdjVOlXyMkofzAZOjCDbQFH-KTHUfo6 | 1hPUVJIMrGZwxpEmS6xu8_h9O0TNd7S08,01_CLIENTES/ALDEIA KARAPOTÓ TERRA NOVA/03_PRODUCAO_BRUTA/DIA 03/C0145.MP4 | 01_CLIENTES/ALDEIA KARAPOTÓ TERRA NOVA/03_PRODUCAO_BRUTA/DIA 4/C0145.MP4
c0146.mp4,2,1fbY3VagWVUj0zE1bKS9UuxOCubBO0VlA | 1wCf6gViSQoUrXYaa_vqMhjRYTpr-oXak,01_CLIENTES/ALDEIA KARAPOTÓ TERRA NOVA/03_PRODUCAO_BRUTA/DIA 03/C0146.MP4 | 01_CLIENTES/ALDEIA KARAPOTÓ TERRA NOVA/03_PRODUCAO_BRUTA/DIA 4/C0146.MP4
c0147.mp4,2,1AhOgXhAvihQfdLv9i1dQstsT-OLSgF9t | 1wcbpj3hUejxIX5tv9DwSJFEZ3gJt1h_s,01_CLIENTES/ALDEIA KARAPOTÓ TERRA NOVA/03_PRODUCAO_BRUTA/DIA 03/C0147.MP4 | 01_CLIENTES/ALDEIA KARAPOTÓ TERRA NOVA/03_PRODUCAO_BRUTA/DIA 4/C0147.MP4
c0148.mp4,2,1YCA4x63e5l9EGSDEMYqdIGfgWaks8DbJ | 1Ug13yd9r5sozrMecRyNFoWC3Yzw9vKW9,01_CLIENTES/ALDEIA KARAPOTÓ TERRA NOVA/03_PRODUCAO_BRUTA/DIA 03/C0148.MP4 | 01_CLIENTES/ALDEIA KARAPOTÓ TERRA NOVA/03_PRODUCAO_BRUTA/DIA 4/C0148.MP4
c0149.mp4,2,1WBMDeP56Om3AsYbq0f95gLjgE8jbCIhd | 1Bq1XKTirO3BudmGm-vZptqpY-gXNCNYr,01_CLIENTES/ALDEIA KARAPOTÓ TERRA NOVA/03_PRODUCAO_BRUTA/DIA 03/C0149.MP4 | 01_CLIENTES/ALDEIA KARAPOTÓ TERRA NOVA/03_PRODUCAO_BRUTA/DIA 4/C0149.MP4
c0150.mp4,2,1fj1nw4rERfbaur0f7H-EOUglc3q4yoMY | 1sZLE1E2lbNQ0I8MPuXoPza3n4-rgvK4C,01_CLIENTES/ALDEIA KARAPOTÓ TERRA NOVA/03_PRODUCAO_BRUTA/DIA 03/C0150.MP4 | 01_CLIENTES/ALDEIA KARAPOTÓ TERRA NOVA/03_PRODUCAO_BRUTA/DIA 4/C0150.MP4
c0151.mp4,2,1djJksGAIFsLgi4fB2Ivf8H8PJs39QQqk | 1b4G7Muus2a1Tsc2cl14f_1x6rApoe7va,01_CLIENTES/ALDEIA KARAPOTÓ TERRA NOVA/03_PRODUCAO_BRUTA/DIA 03/C0151.MP4 | 01_CLIENTES/ALDEIA KARAPOTÓ TERRA NOVA/03_PRODUCAO_BRUTA/DIA 4/C0151.MP4
c0152.mp4,2,1zRxWM6k8HuQDxtpt_o4Q-AMUeIOnb73g | 14NkCT2fVDLQ6R6cUNNM9y1fJZUW0VfhJ,01_CLIENTES/ALDEIA KARAPOTÓ TERRA NOVA/03_PRODUCAO_BRUTA/DIA 03/C0152.MP4 | 01_CLIENTES/ALDEIA KARAPOTÓ TERRA NOVA/03_PRODUCAO_BRUTA/DIA 4/C0152.MP4
c0153.mp4,2,1aluyxunNa2YTqUtdCeuPjJEXWSWL_6la | 18TZ8cT99VSPObhp9PwQqx6nIzD7ZQYc-,01_CLIENTES/ALDEIA KARAPOTÓ TERRA NOVA/03_PRODUCAO_BRUTA/DIA 03/C0153.MP4 | 01_CLIENTES/ALDEIA KARAPOTÓ TERRA NOVA/03_PRODUCAO_BRUTA/DIA 4/C0153.MP4
c0154.mp4,2,1XwN1LLkWO94tRy-qNNQIP7XOpfQFBUIO | 1gsHOo_O98PY2XVUcG96xGEARR48D_cMw,01_CLIENTES/ALDEIA KARAPOTÓ TERRA NOVA/03_PRODUCAO_BRUTA/DIA 03/C0154.MP4 | 01_CLIENTES/ALDEIA KARAPOTÓ TERRA NOVA/03_PRODUCAO_BRUTA/DIA 4/C0154.MP4
c0155.mp4,2,178TewZRXBSyCFstU5g_jkspttPXLcXKY | 16IDIXg-QT0sapqWPy95U7Wgw9EyyL_Nt,01_CLIENTES/ALDEIA KARAPOTÓ TERRA NOVA/03_PRODUCAO_BRUTA/DIA 03/C0155.MP4 | 01_CLIENTES/ALDEIA KARAPOTÓ TERRA NOVA/03_PRODUCAO_BRUTA/DIA 4/C0155.MP4
c0156.mp4,2,1o852_TG0ep68PMIGdM5ckGCuCyXfNgdU | 1QlwGe2kenO1PH00tAHVrrCvi7n31o57A,01_CLIENTES/ALDEIA KARAPOTÓ TERRA NOVA/03_PRODUCAO_BRUTA/DIA 03/C0156.MP4 | 01_CLIENTES/ALDEIA KARAPOTÓ TERRA NOVA/03_PRODUCAO_BRUTA/DIA 4/C0156.MP4
c0157.mp4,2,19buvKUjoL3DdjXp2rW-SnZNYrKVRRkOO | 1IGaAqDVMPQd63xIjYfUF_-CyIPHM6vhi,01_CLIENTES/ALDEIA KARAPOTÓ TERRA NOVA/03_PRODUCAO_BRUTA/DIA 03/C0157.MP4 | 01_CLIENTES/ALDEIA KARAPOTÓ TERRA NOVA/03_PRODUCAO_BRUTA/DIA 4/C0157.MP4
c0158.mp4,2,12dgliENs_KI-ChBiXUVaF2ZDIR45_xFu | 1fZkQmQnYv5DEWNDkD4FXE64gNFSNuMcO,01_CLIENTES/ALDEIA KARAPOTÓ TERRA NOVA/03_PRODUCAO_BRUTA/DIA 03/C0158.MP4 | 01_CLIENTES/ALDEIA KARAPOTÓ TERRA NOVA/03_PRODUCAO_BRUTA/DIA 4/C0158.MP4
c0159.mp4,2,1YAgxj2v7FXV-DesTT_0CC7PUoVoA1LF1 | 1t0o05A3q5Ep33eTiHWb5Y_wjk_lqrA62,01_CLIENTES/ALDEIA KARAPOTÓ TERRA NOVA/03_PRODUCAO_BRUTA/DIA 03/C0159.MP4 | 01_CLIENTES/ALDEIA KARAPOTÓ TERRA NOVA/03_PRODUCAO_BRUTA/DIA 4/C0159.MP4
c0160.mp4,2,1opCrkvqxOPTWVfa3V3v0MVOk7ruDOmgz | 1Oxuxn8ZSksTM3H6FVUhdd439iuMFYXn9,01_CLIENTES/ALDEIA KARAPOTÓ TERRA NOVA/03_PRODUCAO_BRUTA/DIA 03/C0160.MP4 | 01_CLIENTES/ALDEIA KARAPOTÓ TERRA NOVA/03_PRODUCAO_BRUTA/DIA 4/C0160.MP4
c0161.mp4,2,1rZ6xWdygT2YoouSHXa4WLJF0iLmvDK9G | 1PUomnK92M8VxT8U7uX4dHnvJTk3HsRf0,01_CLIENTES/ALDEIA KARAPOTÓ TERRA NOVA/03_PRODUCAO_BRUTA/DIA 03/C0161.MP4 | 01_CLIENTES/ALDEIA KARAPOTÓ TERRA NOVA/03_PRODUCAO_BRUTA/DIA 4/C0161.MP4
c0162.mp4,2,1XQ6oT82jhu214ipanELGMH96AcAXDeJ0 | 1MFI1r3ti6pVz4UAesdcSSvmMaV-j_rtY,01_CLIENTES/ALDEIA KARAPOTÓ TERRA NOVA/03_PRODUCAO_BRUTA/DIA 03/C0162.MP4 | 01_CLIENTES/ALDEIA KARAPOTÓ TERRA NOVA/03_PRODUCAO_BRUTA/DIA 4/C0162.MP4
c0163.mp4,2,1r88G0t5XLpaqaB-xyAmhod3LnQwJBWe5 | 1dZt2RjUhFda6OykFJceipErSIyKSMFHZ,01_CLIENTES/ALDEIA KARAPOTÓ TERRA NOVA/03_PRODUCAO_BRUTA/DIA 03/C0163.MP4 | 01_CLIENTES/ALDEIA KARAPOTÓ TERRA NOVA/03_PRODUCAO_BRUTA/DIA 4/C0163.MP4
c0164.mp4,2,1Cje4aucKHTDy3YXv0p0ByJM-Ra4mPW6f | 1lbq1RZ9N4g-ZG3UIn45EeRcCIlKlNV1O,01_CLIENTES/ALDEIA KARAPOTÓ TERRA NOVA/03_PRODUCAO_BRUTA/DIA 03/C0164.MP4 | 01_CLIENTES/ALDEIA KARAPOTÓ TERRA NOVA/03_PRODUCAO_BRUTA/DIA 4/C0164.MP4
c0165.mp4,2,14Ws4MnWT6o3Wx87XHAAegDz7j97Mk9Pd | 1q4fRlayArF3UxSak-9Y5OXVvUAIgcuyN,01_CLIENTES/ALDEIA KARAPOTÓ TERRA NOVA/03_PRODUCAO_BRUTA/DIA 03/C0165.MP4 | 01_CLIENTES/ALDEIA KARAPOTÓ TERRA NOVA/03_PRODUCAO_BRUTA/DIA 4/C0165.MP4
c0166.mp4,2,1vT_ycgZAHE1yHJCYQOmXkXf-b0_YxRue | 1BN4P3MwjE0Wd3o877728WKocx_KccuBt,01_CLIENTES/ALDEIA KARAPOTÓ TERRA NOVA/03_PRODUCAO_BRUTA/DIA 03/C0166.MP4 | 01_CLIENTES/ALDEIA KARAPOTÓ TERRA NOVA/03_PRODUCAO_BRUTA/DIA 4/C0166.MP4
c0167.mp4,2,12JEJFMsdaGpKOwAVxLo6VGnkWU0EHetD | 1cPhoDHEJ1jcvsZ_mGvpXsXqcwxWSroZI,01_CLIENTES/ALDEIA KARAPOTÓ TERRA NOVA/03_PRODUCAO_BRUTA/DIA 03/C0167.MP4 | 01_CLIENTES/ALDEIA KARAPOTÓ TERRA NOVA/03_PRODUCAO_BRUTA/DIA 4/C0167.MP4
c0168.mp4,2,1lfWgvZ2k_6w32_3j3O6n1I_YjWJV2yRc | 1G-VeLzlEps-lGVWzmmiNlwPk8R3K1-xr,01_CLIENTES/ALDEIA KARAPOTÓ TERRA NOVA/03_PRODUCAO_BRUTA/DIA 03/C0168.MP4 | 01_CLIENTES/ALDEIA KARAPOTÓ TERRA NOVA/03_PRODUCAO_BRUTA/DIA 4/C0168.MP4
c0169.mp4,2,10FHI3sLHSAZQaqKsUx61iRndZK63CJXd | 1AprkU2ReGbslQcxaT1_QUXJtW0UceKzo,01_CLIENTES/ALDEIA KARAPOTÓ TERRA NOVA/03_PRODUCAO_BRUTA/DIA 03/C0169.MP4 | 01_CLIENTES/ALDEIA KARAPOTÓ TERRA NOVA/03_PRODUCAO_BRUTA/DIA 4/C0169.MP4
c0170.mp4,2,13nC58En1KTt4Cr36BpsroBC5O55Vf3NQ | 1Ecgnov6zWQTEqPtbWrLauH2X2zrfchfd,01_CLIENTES/ALDEIA KARAPOTÓ TERRA NOVA/03_PRODUCAO_BRUTA/DIA 03/C0170.MP4 | 01_CLIENTES/ALDEIA KARAPOTÓ TERRA NOVA/03_PRODUCAO_BRUTA/DIA 4/C0170.MP4
c0171.mp4,2,1I8b0lnSpzhp-QvGqPHTDBhJX6dxLT3iR | 1en0ZprttrRMCSDWu3Wl1n51Xlu_D9Kef,01_CLIENTES/ALDEIA KARAPOTÓ TERRA NOVA/03_PRODUCAO_BRUTA/DIA 03/C0171.MP4 | 01_CLIENTES/ALDEIA KARAPOTÓ TERRA NOVA/03_PRODUCAO_BRUTA/DIA 4/C0171.MP4
c0172.mp4,2,1wC-fW6dnUdXVDu1t4n6cVtutTRP6XaL- | 1c87bqqVG0_alkcxvFnCJjkmdWk3XgydA,01_CLIENTES/ALDEIA KARAPOTÓ TERRA NOVA/03_PRODUCAO_BRUTA/DIA 03/C0172.MP4 | 01_CLIENTES/ALDEIA KARAPOTÓ TERRA NOVA/03_PRODUCAO_BRUTA/DIA 4/C0172.MP4
c0173.mp4,2,1y9te-NQWN6t_QeEl-NKCAwwah9nLN0Rx | 1Lp_94WA9uihpPtrIsl8Y0-yXbPgwRQ74,01_CLIENTES/ALDEIA KARAPOTÓ TERRA NOVA/03_PRODUCAO_BRUTA/DIA 03/C0173.MP4 | 01_CLIENTES/ALDEIA KARAPOTÓ TERRA NOVA/03_PRODUCAO_BRUTA/DIA 4/C0173.MP4
c0174.mp4,2,1NFwS36TWp7OnFKMhcYH2Q3_gXcpyOSPg | 1g1pUBcg1RdJbbOHz9LwbKl-TIkzHCP7x,01_CLIENTES/ALDEIA KARAPOTÓ TERRA NOVA/03_PRODUCAO_BRUTA/DIA 03/C0174.MP4 | 01_CLIENTES/ALDEIA KARAPOTÓ TERRA NOVA/03_PRODUCAO_BRUTA/DIA 4/C0174.MP4
c0175.mp4,2,1SKHz8ep7P8Vfq3JmbvgOUKMdOHVC7Bfa | 1tfE9U_DGKiXFTviQGlgIGSJXwMDXkCSw,01_CLIENTES/ALDEIA KARAPOTÓ TERRA NOVA/03_PRODUCAO_BRUTA/DIA 03/C0175.MP4 | 01_CLIENTES/ALDEIA KARAPOTÓ TERRA NOVA/03_PRODUCAO_BRUTA/DIA 4/C0175.MP4
c0176.mp4,2,1B_galPIhhWYVJ9DuzUbA1eyfwXvScikL | 1YiU7dOwa8U8rkPXHYjBKNPid44J7NmFO,01_CLIENTES/ALDEIA KARAPOTÓ TERRA NOVA/03_PRODUCAO_BRUTA/DIA 03/C0176.MP4 | 01_CLIENTES/ALDEIA KARAPOTÓ TERRA NOVA/03_PRODUCAO_BRUTA/DIA 4/C0176.MP4
c0177.mp4,2,1CGxE2xrNMUXcYXF23vmhiLjJ01pc3F1- | 1fyJ7rdabXwynltLH5ccYXAb1YI7w3DK_,01_CLIENTES/ALDEIA KARAPOTÓ TERRA NOVA/03_PRODUCAO_BRUTA/DIA 03/C0177.MP4 | 01_CLIENTES/ALDEIA KARAPOTÓ TERRA NOVA/03_PRODUCAO_BRUTA/DIA 4/C0177.MP4
c0178.mp4,2,1gleq4Jfe2-JmOLAIkO1igcI4HteLS28P | 1AWe2zNZnp7-Lfikb_tn-QFC6IAzsP9zz,01_CLIENTES/ALDEIA KARAPOTÓ TERRA NOVA/03_PRODUCAO_BRUTA/DIA 03/C0178.MP4 | 01_CLIENTES/ALDEIA KARAPOTÓ TERRA NOVA/03_PRODUCAO_BRUTA/DIA 4/C0178.MP4
c0179.mp4,2,15WHwMLxJC9pJAmZ86Q_fjXfeGXpjDBvl | 176B069zq5tezsseFawbQD6SfVb2vXC5z,01_CLIENTES/ALDEIA KARAPOTÓ TERRA NOVA/03_PRODUCAO_BRUTA/DIA 03/C0179.MP4 | 01_CLIENTES/ALDEIA KARAPOTÓ TERRA NOVA/03_PRODUCAO_BRUTA/DIA 4/C0179.MP4
c0180.mp4,2,1-AQm7NOgXl6EQ3WXsUePJ6D9CGt0h6sF | 1AQCJo8jn2MPrDNxIiqoTDfpDBmmvfHXT,01_CLIENTES/ALDEIA KARAPOTÓ TERRA NOVA/03_PRODUCAO_BRUTA/DIA 03/C0180.MP4 | 01_CLIENTES/ALDEIA KARAPOTÓ TERRA NOVA/03_PRODUCAO_BRUTA/DIA 4/C0180.MP4
c0182.mp4,2,19sVO45zxSgDJZox0wzO3ZJY3TlP22AVK | 1GLsova7WEoddCITdWAgUhHfZiusORrUt,01_CLIENTES/ALDEIA KARAPOTÓ TERRA NOVA/03_PRODUCAO_BRUTA/DIA 03/C0182.MP4 | 01_CLIENTES/ALDEIA KARAPOTÓ TERRA NOVA/03_PRODUCAO_BRUTA/DIA 4/C0182.MP4
c0185.mp4,2,1LqGtYmQUXJrNCiE5jNS2phDyHCk9rlSG | 1Aw_ZukMAX2sSMuDM_piAdMaKfnLJKcis,01_CLIENTES/ALDEIA KARAPOTÓ TERRA NOVA/03_PRODUCAO_BRUTA/DIA 03/C0185.MP4 | 01_CLIENTES/ALDEIA KARAPOTÓ TERRA NOVA/03_PRODUCAO_BRUTA/DIA 4/C0185.MP4
c0186.mp4,2,1gg5eWsMAaXb4oGAvh8AHh9i-IDC5FdQm | 1_ylr2Uhp6RP9S07-Ih8kOVWpja5RakId,01_CLIENTES/ALDEIA KARAPOTÓ TERRA NOVA/03_PRODUCAO_BRUTA/DIA 03/C0186.MP4 | 01_CLIENTES/ALDEIA KARAPOTÓ TERRA NOVA/03_PRODUCAO_BRUTA/DIA 4/C0186.MP4
c0187.mp4,2,1I3ThsnPOL4dXkgoiFWyeTXEWWRz6pyB2 | 1mt9dqZaReaZjL4mx5rT_cNWZND4EdT-p,01_CLIENTES/ALDEIA KARAPOTÓ TERRA NOVA/03_PRODUCAO_BRUTA/DIA 03/C0187.MP4 | 01_CLIENTES/ALDEIA KARAPOTÓ TERRA NOVA/03_PRODUCAO_BRUTA/DIA 4/C0187.MP4
c0188.mp4,2,1b64b8qDTTQik_d1PmPlcbmH_l2BCFPa2 | 1AjUREI92eoB91o9Df-MwjnWtx7fYu9jC,01_CLIENTES/ALDEIA KARAPOTÓ TERRA NOVA/03_PRODUCAO_BRUTA/DIA 03/C0188.MP4 | 01_CLIENTES/ALDEIA KARAPOTÓ TERRA NOVA/03_PRODUCAO_BRUTA/DIA 4/C0188.MP4
c0190.mp4,2,1w97eI6dMiymZpHOiDC7S8Rk9v2c_sQT1 | 1tSg9uEQV9kSMg4PzgLH6MVkKrJt5M7hD,01_CLIENTES/ALDEIA KARAPOTÓ TERRA NOVA/03_PRODUCAO_BRUTA/DIA 03/C0190.MP4 | 01_CLIENTES/ALDEIA KARAPOTÓ TERRA NOVA/03_PRODUCAO_BRUTA/DIA 4/C0190.MP4
lgk00001.arw,2,1rSzzvj6ILMgGPF6JcNk4rJA_H8CP3r-G | 1HZAe5y0H6VJpYmuI-TkgWc2azvFQ64_p,01_CLIENTES/ALDEIA KARAPOTÓ TERRA NOVA/03_PRODUCAO_BRUTA/FOTOS/LGK00001.ARW | 99_TRIAGEM_ARQUIVOS_PARADOS_ANTIGO_OUTROS/ANIVERSARIOS ELISA AMANDA/10050829/LGK00001.ARW
lgk00002.arw,2,1pBMriBlXteoGhtYZk8EAptuLaRsqChsL | 17e4T-40t3k58b3ZSdj1O9SPkVUyYxqwn,01_CLIENTES/ALDEIA KARAPOTÓ TERRA NOVA/03_PRODUCAO_BRUTA/FOTOS/LGK00002.ARW | 99_TRIAGEM_ARQUIVOS_PARADOS_ANTIGO_OUTROS/ANIVERSARIOS ELISA AMANDA/10050829/LGK00002.ARW
lgk00003.arw,2,125rrXgEMUnrCnVGcVGWp2zkOHTc7fW2N | 1ZbueT6BO--Jgi7aHtRyvfdO4d1c4sq-I,01_CLIENTES/ALDEIA KARAPOTÓ TERRA NOVA/03_PRODUCAO_BRUTA/FOTOS/LGK00003.ARW | 99_TRIAGEM_ARQUIVOS_PARADOS_ANTIGO_OUTROS/ANIVERSARIOS ELISA AMANDA/10050829/LGK00003.ARW
lgk00004.arw,2,12wV0o_IQFb1oaNttY8twxOlVtiPfFxPb | 18L1xNNYkNMg4RoWKBf_ljDHxupDLD3Z9,01_CLIENTES/ALDEIA KARAPOTÓ TERRA NOVA/03_PRODUCAO_BRUTA/FOTOS/LGK00004.ARW | 99_TRIAGEM_ARQUIVOS_PARADOS_ANTIGO_OUTROS/ANIVERSARIOS ELISA AMANDA/10050829/LGK00004.ARW
lgk00005.arw,2,1Y_lwfPy5tcpYaGTPODKPLDD6AkYFMoT2 | 1fgk-hzK12AzXaxE8jEfV7QtWhGxCMAoE,01_CLIENTES/ALDEIA KARAPOTÓ TERRA NOVA/03_PRODUCAO_BRUTA/FOTOS/LGK00005.ARW | 99_TRIAGEM_ARQUIVOS_PARADOS_ANTIGO_OUTROS/ANIVERSARIOS ELISA AMANDA/10050829/LGK00005.ARW
lgk00006.arw,2,16kP4n4O9wsbCXBe2_LAxDFHGdgcrHmtK | 15pUT3UwMkOzzAtbH0V7-YZRZpS3t_8U7,01_CLIENTES/ALDEIA KARAPOTÓ TERRA NOVA/03_PRODUCAO_BRUTA/FOTOS/LGK00006.ARW | 99_TRIAGEM_ARQUIVOS_PARADOS_ANTIGO_OUTROS/ANIVERSARIOS ELISA AMANDA/10050829/LGK00006.ARW
lgk00007.arw,2,1F3XheVishRDxvBCQhHd0L6-MaAtGCcrF | 1h0xet3IMeFWSsM00fXL8GOsxDkAK1Sb3,01_CLIENTES/ALDEIA KARAPOTÓ TERRA NOVA/03_PRODUCAO_BRUTA/FOTOS/LGK00007.ARW | 99_TRIAGEM_ARQUIVOS_PARADOS_ANTIGO_OUTROS/ANIVERSARIOS ELISA AMANDA/10050829/LGK00007.ARW
lgk00008.arw,2,10riziAX-vm-eIlrlF_1yDXU8MnRcIXg2 | 1HqseZJ8D3VftYTEmLgceKf_o-2gadTxJ,01_CLIENTES/ALDEIA KARAPOTÓ TERRA NOVA/03_PRODUCAO_BRUTA/FOTOS/LGK00008.ARW | 99_TRIAGEM_ARQUIVOS_PARADOS_ANTIGO_OUTROS/ANIVERSARIOS ELISA AMANDA/10050829/LGK00008.ARW
lgk00009.arw,2,18kT_ZiiLfLVQbYOSPoaoqWR0TFM3oTEH | 1Y-6NCkUAJYa6Irsb51WZFW2PruJyiIyQ,01_CLIENTES/ALDEIA KARAPOTÓ TERRA NOVA/03_PRODUCAO_BRUTA/FOTOS/LGK00009.ARW | 99_TRIAGEM_ARQUIVOS_PARADOS_ANTIGO_OUTROS/ANIVERSARIOS ELISA AMANDA/10050829/LGK00009.ARW
lgk00010.arw,2,1ZeYwUnfvK94Cbq8e4sQSXKy7IOODCSQ- | 1clkM4k_7S5FkcHAoG8VL3zdH6J7L7pyE,01_CLIENTES/ALDEIA KARAPOTÓ TERRA NOVA/03_PRODUCAO_BRUTA/FOTOS/LGK00010.ARW | 99_TRIAGEM_ARQUIVOS_PARADOS_ANTIGO_OUTROS/ANIVERSARIOS ELISA AMANDA/10050829/LGK00010.ARW
lgk00011.arw,2,1d6mDkVMj8pdIEulB-fSgfgU7jzvQQF7_ | 1l9tAxCqgQVqgtTRAmRu0fK2xxgvveY_P,01_CLIENTES/ALDEIA KARAPOTÓ TERRA NOVA/03_PRODUCAO_BRUTA/FOTOS/LGK00011.ARW | 99_TRIAGEM_ARQUIVOS_PARADOS_ANTIGO_OUTROS/ANIVERSARIOS ELISA AMANDA/10050829/LGK00011.ARW
lgk00012.arw,2,1Zid2OaetcovsDqIxdhmhhd3hyA3VngkX | 1eDMpFwAYiVWGGBZpU0n5XJZlklkQmTWd,01_CLIENTES/ALDEIA KARAPOTÓ TERRA NOVA/03_PRODUCAO_BRUTA/FOTOS/LGK00012.ARW | 99_TRIAGEM_ARQUIVOS_PARADOS_ANTIGO_OUTROS/ANIVERSARIOS ELISA AMANDA/10050829/LGK00012.ARW
lgk00013.arw,2,1sDum6hspfdPft5sfkgn3i2hYL7Jxw_xm | 1DGprzwtuv-Z0vrXDfn99hipsynqUDnrH,01_CLIENTES/ALDEIA KARAPOTÓ TERRA NOVA/03_PRODUCAO_BRUTA/FOTOS/LGK00013.ARW | 99_TRIAGEM_ARQUIVOS_PARADOS_ANTIGO_OUTROS/ANIVERSARIOS ELISA AMANDA/10050829/LGK00013.ARW
lgk00014.arw,2,1hTId0b1ufQ1i5xsbXWVZQm2sO1P4ovsm | 1ticdaCZyk3CHdBzFxQDLSw3CUFhHlSJY,01_CLIENTES/ALDEIA KARAPOTÓ TERRA NOVA/03_PRODUCAO_BRUTA/FOTOS/LGK00014.ARW | 99_TRIAGEM_ARQUIVOS_PARADOS_ANTIGO_OUTROS/ANIVERSARIOS ELISA AMANDA/10050829/LGK00014.ARW
lgk00015.arw,2,1ISL1ttCaXSO9e9xC4ESv6B7_eZecXIkP | 1mBdXPLxVoGAgANzoDocRajTxefE9dBXT,01_CLIENTES/ALDEIA KARAPOTÓ TERRA NOVA/03_PRODUCAO_BRUTA/FOTOS/LGK00015.ARW | 99_TRIAGEM_ARQUIVOS_PARADOS_ANTIGO_OUTROS/ANIVERSARIOS ELISA AMANDA/10050829/LGK00015.ARW
lgk00016.arw,2,1sSyGVUkjK4x2vU_Wa5LstHuInH6PwfBX | 1xHrw_2xL5w4grzGVF8SVtjhtGIHsOBKO,01_CLIENTES/ALDEIA KARAPOTÓ TERRA NOVA/03_PRODUCAO_BRUTA/FOTOS/LGK00016.ARW | 99_TRIAGEM_ARQUIVOS_PARADOS_ANTIGO_OUTROS/ANIVERSARIOS ELISA AMANDA/10050829/LGK00016.ARW
lgk00017.arw,2,12PZgZcXebYK1IgzFvg2QNIBTbKbwBx6z | 1NBgUCBCDckAhVSEKtEDZo8oF0pu4qrHU,01_CLIENTES/ALDEIA KARAPOTÓ TERRA NOVA/03_PRODUCAO_BRUTA/FOTOS/LGK00017.ARW | 99_TRIAGEM_ARQUIVOS_PARADOS_ANTIGO_OUTROS/ANIVERSARIOS ELISA AMANDA/10050829/LGK00017.ARW
lgk00018.arw,2,1BKBGcq0_2ZwoX0vlug9sTfI-QMzbDatX | 1WIkPjjPnabD2bmzG7ROcEvlFAPldKYB-,01_CLIENTES/ALDEIA KARAPOTÓ TERRA NOVA/03_PRODUCAO_BRUTA/FOTOS/LGK00018.ARW | 99_TRIAGEM_ARQUIVOS_PARADOS_ANTIGO_OUTROS/ANIVERSARIOS ELISA AMANDA/10050829/LGK00018.ARW
lgk00019.arw,2,1S-rYBDeZQpDkB8lzIC5614CvB8ip-xnU | 1SOdjLqUPfmEaYK_xMk4KzeJ9lEhcFZuj,01_CLIENTES/ALDEIA KARAPOTÓ TERRA NOVA/03_PRODUCAO_BRUTA/FOTOS/LGK00019.ARW | 99_TRIAGEM_ARQUIVOS_PARADOS_ANTIGO_OUTROS/ANIVERSARIOS ELISA AMANDA/10050829/LGK00019.ARW
lgk00020.arw,2,1lO8MFC5RhQQ9vOUyjsA1j9z8iZw_v_mk | 1nBfUjgULZ2gQO1QncG4BYCQXC6ydF85q,01_CLIENTES/ALDEIA KARAPOTÓ TERRA NOVA/03_PRODUCAO_BRUTA/FOTOS/LGK00020.ARW | 99_TRIAGEM_ARQUIVOS_PARADOS_ANTIGO_OUTROS/ANIVERSARIOS ELISA AMANDA/10050829/LGK00020.ARW
lgk00021.arw,2,1kInyIPP_P6OundnRvlk4hTNZypBc-CeM | 1np5f8wpwyDcxG8hSZeDBzR4yVV27KTra,01_CLIENTES/ALDEIA KARAPOTÓ TERRA NOVA/03_PRODUCAO_BRUTA/FOTOS/LGK00021.ARW | 99_TRIAGEM_ARQUIVOS_PARADOS_ANTIGO_OUTROS/ANIVERSARIOS ELISA AMANDA/10050829/LGK00021.ARW
"copia de copia de anexo-102 template de viabilidade comercial, financeira e dimensionamento.xlsx",2,1DMgs6S7GQk3eTIn8WlQtRVJ0J3i98xnd | 1lraJM0E4SRUeiNyd2u985frrX_L7zEYJ,"03_EMPRESA/FINANCEIRO/05_PLANILHAS_MODELOS/Cópia de Cópia de Anexo-102 Template de Viabilidade comercial, financeira e dimensionamento.xlsx | 03_EMPRESA/FINANCEIRO/99_DUPLICADOS_REVISAR/Cópia de Cópia de Anexo-102 Template de Viabilidade comercial, financeira e dimensionamento.xlsx"
29082025-lgk00238.jpg,2,180yjVb_DcwiIDVEftM4ahDYCgk4hA4vm | 1Xr7tG36qWC2FRZPaW64vG3bSj9NlGF2K,99_TRIAGEM_ARQUIVOS_PARADOS_ANTIGO_OUTROS/AMIGAS DO PEITO/AGOSTO LILAS - 2025_08_29/29082025-LGK00238.JPG | 99_TRIAGEM_ARQUIVOS_PARADOS_ANTIGO_OUTROS/ANIVERSARIOS ELISA AMANDA/ANIVERSÁRIO ELIZA - 2025/29082025-LGK00238.JPG
29082025-lgk00253.jpg,2,1-n5xTeil9EAnfYOdXM5wRqlMW_56h_mY | 1BDFIcBej_t5dCirZ9weVBUihd1znSXdA,99_TRIAGEM_ARQUIVOS_PARADOS_ANTIGO_OUTROS/AMIGAS DO PEITO/AGOSTO LILAS - 2025_08_29/29082025-LGK00253.JPG | 99_TRIAGEM_ARQUIVOS_PARADOS_ANTIGO_OUTROS/ANIVERSARIOS ELISA AMANDA/ANIVERSÁRIO ELIZA - 2025/29082025-LGK00253.JPG
29082025-lgk00265.jpg,2,1UYTmQyZYb8Obdw87Lb3rnQrQBxX_8Jle | 16tAWX-7rQcD0lmQcKFlB6bkNifMAS0hX,99_TRIAGEM_ARQUIVOS_PARADOS_ANTIGO_OUTROS/AMIGAS DO PEITO/AGOSTO LILAS - 2025_08_29/29082025-LGK00265.JPG | 99_TRIAGEM_ARQUIVOS_PARADOS_ANTIGO_OUTROS/ANIVERSARIOS ELISA AMANDA/ANIVERSÁRIO ELIZA - 2025/29082025-LGK00265.JPG
29082025-lgk00267.jpg,2,12_BsTo4bCvCrTe2p6nJ3PVX286twQJoO | 1yYwLzHBeVfhNxfxcUKzWTTtUCgGDor9-,99_TRIAGEM_ARQUIVOS_PARADOS_ANTIGO_OUTROS/AMIGAS DO PEITO/AGOSTO LILAS - 2025_08_29/29082025-LGK00267.JPG | 99_TRIAGEM_ARQUIVOS_PARADOS_ANTIGO_OUTROS/ANIVERSARIOS ELISA AMANDA/ANIVERSÁRIO ELIZA - 2025/29082025-LGK00267.JPG
29082025-lgk00291.jpg,2,1B5Vt5Z_zU3s264rZemSZYBTqwf_OnpW2 | 1IaeokmyYkVJ2YURFgle0yvbZnqML42Fd,99_TRIAGEM_ARQUIVOS_PARADOS_ANTIGO_OUTROS/AMIGAS DO PEITO/AGOSTO LILAS - 2025_08_29/29082025-LGK00291.JPG | 99_TRIAGEM_ARQUIVOS_PARADOS_ANTIGO_OUTROS/ANIVERSARIOS ELISA AMANDA/ANIVERSÁRIO ELIZA - 2025/29082025-LGK00291.JPG
29082025-lgk00305.jpg,2,1o_4Mmj7ntH3Eka48xfqhYRqChE-hoeqC | 1o_4GF75LErZ1TGwtsftuZN3M2pRkDoDv,99_TRIAGEM_ARQUIVOS_PARADOS_ANTIGO_OUTROS/AMIGAS DO PEITO/AGOSTO LILAS - 2025_08_29/29082025-LGK00305.JPG | 99_TRIAGEM_ARQUIVOS_PARADOS_ANTIGO_OUTROS/ANIVERSARIOS ELISA AMANDA/ANIVERSÁRIO ELIZA - 2025/29082025-LGK00305.JPG
29082025-lgk00306.jpg,2,1rfyMU-LOwDp7MOah51yQSR99itYqrfTJ | 1Scb-uJ3wurAwYNtz5-_KhUi-RnCLN6R8,99_TRIAGEM_ARQUIVOS_PARADOS_ANTIGO_OUTROS/AMIGAS DO PEITO/AGOSTO LILAS - 2025_08_29/29082025-LGK00306.JPG | 99_TRIAGEM_ARQUIVOS_PARADOS_ANTIGO_OUTROS/ANIVERSARIOS ELISA AMANDA/ANIVERSÁRIO ELIZA - 2025/29082025-LGK00306.JPG
29082025-lgk00343.jpg,2,1eq47HNbkbCA6b70VCDTuL51Jg9VdZ9el | 1eW1X03_Q095AFgsB4plqFiZ_nG_dNe-H,99_TRIAGEM_ARQUIVOS_PARADOS_ANTIGO_OUTROS/AMIGAS DO PEITO/AGOSTO LILAS - 2025_08_29/29082025-LGK00343.JPG | 99_TRIAGEM_ARQUIVOS_PARADOS_ANTIGO_OUTROS/ANIVERSARIOS ELISA AMANDA/ANIVERSÁRIO ELIZA - 2025/29082025-LGK00343.JPG
29082025-lgk00347.jpg,2,1S014RdXbwG39PU3Tn-CwPxfWpPVWvvNe | 1ASMFjy3diLwLre7DTyL2uXCjtDwlStOt,99_TRIAGEM_ARQUIVOS_PARADOS_ANTIGO_OUTROS/AMIGAS DO PEITO/AGOSTO LILAS - 2025_08_29/29082025-LGK00347.JPG | 99_TRIAGEM_ARQUIVOS_PARADOS_ANTIGO_OUTROS/ANIVERSARIOS ELISA AMANDA/ANIVERSÁRIO ELIZA - 2025/29082025-LGK00347.JPG
29082025-lgk00358.jpg,2,1xQ81nJa2BngLDOLTmusWjukqTQMYQ0Ov | 1dNDT3KVrKCkSoYq6qmYge_2eLALpz7yT,99_TRIAGEM_ARQUIVOS_PARADOS_ANTIGO_OUTROS/AMIGAS DO PEITO/AGOSTO LILAS - 2025_08_29/29082025-LGK00358.JPG | 99_TRIAGEM_ARQUIVOS_PARADOS_ANTIGO_OUTROS/ANIVERSARIOS ELISA AMANDA/ANIVERSÁRIO ELIZA - 2025/29082025-LGK00358.JPG
29082025-lgk00360.jpg,2,1yGglb0lTvgRycWCm7ukdXn2i8kKkT6nK | 1A2k5PJvDoPJ5_4UPK-kVdJw8IZ2rGgAc,99_TRIAGEM_ARQUIVOS_PARADOS_ANTIGO_OUTROS/AMIGAS DO PEITO/AGOSTO LILAS - 2025_08_29/29082025-LGK00360.JPG | 99_TRIAGEM_ARQUIVOS_PARADOS_ANTIGO_OUTROS/ANIVERSARIOS ELISA AMANDA/ANIVERSÁRIO ELIZA - 2025/29082025-LGK00360.JPG
29082025-lgk00365.jpg,2,134HrRHJdM4r8rtyn_IpQN5f4wXOc2AbP | 1RvKDT3XR7RMWQ-Jkam1_vrDfbtnSTil6,99_TRIAGEM_ARQUIVOS_PARADOS_ANTIGO_OUTROS/AMIGAS DO PEITO/AGOSTO LILAS - 2025_08_29/29082025-LGK00365.JPG | 99_TRIAGEM_ARQUIVOS_PARADOS_ANTIGO_OUTROS/ANIVERSARIOS ELISA AMANDA/ANIVERSÁRIO ELIZA - 2025/29082025-LGK00365.JPG
29082025-lgk00367.jpg,2,1fjesG5jVeY4lrMWdOpFfVIZpZcISETPh | 1MDMFyn6G5kt8VQiXfO3upVV2kgwOv1TK,99_TRIAGEM_ARQUIVOS_PARADOS_ANTIGO_OUTROS/AMIGAS DO PEITO/AGOSTO LILAS - 2025_08_29/29082025-LGK00367.JPG | 99_TRIAGEM_ARQUIVOS_PARADOS_ANTIGO_OUTROS/ANIVERSARIOS ELISA AMANDA/ANIVERSÁRIO ELIZA - 2025/29082025-LGK00367.JPG
29082025-lgk00369.jpg,2,1Orhme6BWVRCmOS6-2pD3ygkOpn-nQQ8l | 16Yt3EQ79CJ_lEubZhNQG6fZXCrX5opjB,99_TRIAGEM_ARQUIVOS_PARADOS_ANTIGO_OUTROS/AMIGAS DO PEITO/AGOSTO LILAS - 2025_08_29/29082025-LGK00369.JPG | 99_TRIAGEM_ARQUIVOS_PARADOS_ANTIGO_OUTROS/ANIVERSARIOS ELISA AMANDA/ANIVERSÁRIO ELIZA - 2025/29082025-LGK00369.JPG
29082025-lgk00373.jpg,2,1VLi4PUOGgwW1BUsWG9u_UqA58-avsKdB | 1gD8p8_lb-647NhMmHqlBmFWHOs4SRI1A,99_TRIAGEM_ARQUIVOS_PARADOS_ANTIGO_OUTROS/AMIGAS DO PEITO/AGOSTO LILAS - 2025_08_29/29082025-LGK00373.JPG | 99_TRIAGEM_ARQUIVOS_PARADOS_ANTIGO_OUTROS/ANIVERSARIOS ELISA AMANDA/ANIVERSÁRIO ELIZA - 2025/29082025-LGK00373.JPG
29082025-lgk00448.jpg,2,1HShCtnSDe-SzhHO3PNsPQcEu0SWypBi8 | 14LLhRuJ2ePqjgK194qQC2apygvRvD_o2,99_TRIAGEM_ARQUIVOS_PARADOS_ANTIGO_OUTROS/AMIGAS DO PEITO/AGOSTO LILAS - 2025_08_29/29082025-LGK00448.JPG | 99_TRIAGEM_ARQUIVOS_PARADOS_ANTIGO_OUTROS/ANIVERSARIOS ELISA AMANDA/ANIVERSÁRIO ELIZA - 2025/29082025-LGK00448.JPG
29082025-lgk00454.jpg,2,1LvN7BZyc5g_rfnWRp2eS2n3OWsSxksiv | 1rbA9X6gopDZJ6IQ_SJi5qGh0KPISYxfz,99_TRIAGEM_ARQUIVOS_PARADOS_ANTIGO_OUTROS/AMIGAS DO PEITO/AGOSTO LILAS - 2025_08_29/29082025-LGK00454.JPG | 99_TRIAGEM_ARQUIVOS_PARADOS_ANTIGO_OUTROS/ANIVERSARIOS ELISA AMANDA/ANIVERSÁRIO ELIZA - 2025/29082025-LGK00454.JPG
29082025-lgk00473.jpg,2,1qGudOrFHluUHgMgftn5i1hs2_YTYAH4f | 1pr6mjeu5L9MYJgyh6YUiReUiZ0QD2Qxc,99_TRIAGEM_ARQUIVOS_PARADOS_ANTIGO_OUTROS/AMIGAS DO PEITO/AGOSTO LILAS - 2025_08_29/29082025-LGK00473.JPG | 99_TRIAGEM_ARQUIVOS_PARADOS_ANTIGO_OUTROS/ANIVERSARIOS ELISA AMANDA/ANIVERSÁRIO ELIZA - 2025/29082025-LGK00473.JPG
29082025-lgk00535.jpg,2,1cv-jElorEYw3-wE2seQB09yfWTAhPXy- | 14jxTiBMllHbdtBE0Ki91Ee9seOlsMRmh,99_TRIAGEM_ARQUIVOS_PARADOS_ANTIGO_OUTROS/AMIGAS DO PEITO/AGOSTO LILAS - 2025_08_29/29082025-LGK00535.JPG | 99_TRIAGEM_ARQUIVOS_PARADOS_ANTIGO_OUTROS/ANIVERSARIOS ELISA AMANDA/ANIVERSÁRIO ELIZA - 2025/29082025-LGK00535.JPG
29082025-lgk00539.jpg,2,1AYaa1XLrpMTzyJkpoFoVZMHVH-OVvmVH | 1ycbF-KJ-unNnIve4PjzS6WPqdtrdFFqw,99_TRIAGEM_ARQUIVOS_PARADOS_ANTIGO_OUTROS/AMIGAS DO PEITO/AGOSTO LILAS - 2025_08_29/29082025-LGK00539.JPG | 99_TRIAGEM_ARQUIVOS_PARADOS_ANTIGO_OUTROS/ANIVERSARIOS ELISA AMANDA/ANIVERSÁRIO ELIZA - 2025/29082025-LGK00539.JPG
29082025-lgk00588.jpg,2,1y-neMUE7M_mm--_YRDk1e93OXmItLhpV | 1f80HcWgedEnz_ucqq5z5CW3bGX_jjdhj,99_TRIAGEM_ARQUIVOS_PARADOS_ANTIGO_OUTROS/AMIGAS DO PEITO/AGOSTO LILAS - 2025_08_29/29082025-LGK00588.JPG | 99_TRIAGEM_ARQUIVOS_PARADOS_ANTIGO_OUTROS/ANIVERSARIOS ELISA AMANDA/ANIVERSÁRIO ELIZA - 2025/29082025-LGK00588.JPG
29082025-lgk00589.jpg,2,128OcGpFwjdAez9V3lLM9Sd1pXlXtdjBw | 10bqdBUh-8XqQavBdJZDkEjFsO4SLK1cg,99_TRIAGEM_ARQUIVOS_PARADOS_ANTIGO_OUTROS/AMIGAS DO PEITO/AGOSTO LILAS - 2025_08_29/29082025-LGK00589.JPG | 99_TRIAGEM_ARQUIVOS_PARADOS_ANTIGO_OUTROS/ANIVERSARIOS ELISA AMANDA/ANIVERSÁRIO ELIZA - 2025/29082025-LGK00589.JPG
29082025-lgk00592.jpg,2,12p0Wk_zmgndc9Hl9L_uCzkhzRIOaypli | 1I60UE6j9lz0IpfoKQ5dAaO0BGFTQ1MDq,99_TRIAGEM_ARQUIVOS_PARADOS_ANTIGO_OUTROS/AMIGAS DO PEITO/AGOSTO LILAS - 2025_08_29/29082025-LGK00592.JPG | 99_TRIAGEM_ARQUIVOS_PARADOS_ANTIGO_OUTROS/ANIVERSARIOS ELISA AMANDA/ANIVERSÁRIO ELIZA - 2025/29082025-LGK00592.JPG
29082025-lgk00594.jpg,2,16c9aa5rqtvm_E3Uv9m2VA9CfkgyaK4uC | 1NTSBexXymfkwhH9w7uq8uStxHZJ16e3p,99_TRIAGEM_ARQUIVOS_PARADOS_ANTIGO_OUTROS/AMIGAS DO PEITO/AGOSTO LILAS - 2025_08_29/29082025-LGK00594.JPG | 99_TRIAGEM_ARQUIVOS_PARADOS_ANTIGO_OUTROS/ANIVERSARIOS ELISA AMANDA/ANIVERSÁRIO ELIZA - 2025/29082025-LGK00594.JPG
29082025-lgk00596.jpg,2,1vNKz-eRVcr3n5Y9UC2t1CmTShkuon10a | 1i9XpkrcgyJANIiigLlcQMy-ZOz_YIKaX,99_TRIAGEM_ARQUIVOS_PARADOS_ANTIGO_OUTROS/AMIGAS DO PEITO/AGOSTO LILAS - 2025_08_29/29082025-LGK00596.JPG | 99_TRIAGEM_ARQUIVOS_PARADOS_ANTIGO_OUTROS/ANIVERSARIOS ELISA AMANDA/ANIVERSÁRIO ELIZA - 2025/29082025-LGK00596.JPG
29082025-lgk00597.jpg,2,1OHA20nYWhrbCZwBaCUuZTKj_EAmbDjLn | 1nf5Aqnu-Hi5JpIaXaYtp26BAMNy4B8v1,99_TRIAGEM_ARQUIVOS_PARADOS_ANTIGO_OUTROS/AMIGAS DO PEITO/AGOSTO LILAS - 2025_08_29/29082025-LGK00597.JPG | 99_TRIAGEM_ARQUIVOS_PARADOS_ANTIGO_OUTROS/ANIVERSARIOS ELISA AMANDA/ANIVERSÁRIO ELIZA - 2025/29082025-LGK00597.JPG
29082025-lgk00598.jpg,2,1gHDBGVDHIiTzcUCwPdnlgmhSM1a9vw5B | 1wFGAlJ0c8OlgrOrBc565iCuBqrayeuTM,99_TRIAGEM_ARQUIVOS_PARADOS_ANTIGO_OUTROS/AMIGAS DO PEITO/AGOSTO LILAS - 2025_08_29/29082025-LGK00598.JPG | 99_TRIAGEM_ARQUIVOS_PARADOS_ANTIGO_OUTROS/ANIVERSARIOS ELISA AMANDA/ANIVERSÁRIO ELIZA - 2025/29082025-LGK00598.JPG
29082025-lgk00603.jpg,2,1DJ-T6inut9x8wTML2d9LrI-2Qlm9UrWR | 1YskJCYRrnLsORQAPD8Na7cFtbV1StTGs,99_TRIAGEM_ARQUIVOS_PARADOS_ANTIGO_OUTROS/AMIGAS DO PEITO/AGOSTO LILAS - 2025_08_29/29082025-LGK00603.JPG | 99_TRIAGEM_ARQUIVOS_PARADOS_ANTIGO_OUTROS/ANIVERSARIOS ELISA AMANDA/ANIVERSÁRIO ELIZA - 2025/29082025-LGK00603.JPG
29082025-lgk00609.jpg,2,1sX-i-zcn5jI8uOet4GbhdjCciskhAWxA | 1i9JLVUc_Uf8LfNq8UlpmsMZ7jqpkBgDs,99_TRIAGEM_ARQUIVOS_PARADOS_ANTIGO_OUTROS/AMIGAS DO PEITO/AGOSTO LILAS - 2025_08_29/29082025-LGK00609.JPG | 99_TRIAGEM_ARQUIVOS_PARADOS_ANTIGO_OUTROS/ANIVERSARIOS ELISA AMANDA/ANIVERSÁRIO ELIZA - 2025/29082025-LGK00609.JPG
29082025-lgk00612.jpg,2,13elViU7INPTLnvaIS-5JdLET7mGLscK6 | 15i5O1ILHWV8w-B-HJbnnbROsGz3JeMPI,99_TRIAGEM_ARQUIVOS_PARADOS_ANTIGO_OUTROS/AMIGAS DO PEITO/AGOSTO LILAS - 2025_08_29/29082025-LGK00612.JPG | 99_TRIAGEM_ARQUIVOS_PARADOS_ANTIGO_OUTROS/ANIVERSARIOS ELISA AMANDA/ANIVERSÁRIO ELIZA - 2025/29082025-LGK00612.JPG
29082025-lgk00613.jpg,2,15GlChCsZL810Q6WcBMfzNeQj4S6bxHPu | 12GUnNf_dzCCLPQAG3QGLBcj9M3FD4G5S,99_TRIAGEM_ARQUIVOS_PARADOS_ANTIGO_OUTROS/AMIGAS DO PEITO/AGOSTO LILAS - 2025_08_29/29082025-LGK00613.JPG | 99_TRIAGEM_ARQUIVOS_PARADOS_ANTIGO_OUTROS/ANIVERSARIOS ELISA AMANDA/ANIVERSÁRIO ELIZA - 2025/29082025-LGK00613.JPG
29082025-lgk00616.jpg,2,1hOh50TGFfmX5GgRdPF2O4aGwalSMw5Je | 1hda2MGPnYR5eMrMq5u2qZhUqSWIrG2Kh,99_TRIAGEM_ARQUIVOS_PARADOS_ANTIGO_OUTROS/AMIGAS DO PEITO/AGOSTO LILAS - 2025_08_29/29082025-LGK00616.JPG | 99_TRIAGEM_ARQUIVOS_PARADOS_ANTIGO_OUTROS/ANIVERSARIOS ELISA AMANDA/ANIVERSÁRIO ELIZA - 2025/29082025-LGK00616.JPG
29082025-lgk00617.jpg,2,1IshuJsqR7U15qRRItREMDY1uJl8az-lA | 1O30-uaEQ-JpcoqgMsD-ORCIOZVD2RXYL,99_TRIAGEM_ARQUIVOS_PARADOS_ANTIGO_OUTROS/AMIGAS DO PEITO/AGOSTO LILAS - 2025_08_29/29082025-LGK00617.JPG | 99_TRIAGEM_ARQUIVOS_PARADOS_ANTIGO_OUTROS/ANIVERSARIOS ELISA AMANDA/ANIVERSÁRIO ELIZA - 2025/29082025-LGK00617.JPG
29082025-lgk00619.jpg,2,1PensMN018lTdBhoI9kraSwbG0Vg6Mj0Y | 1dCf043gCu4IMD2NXBTrKVgt-qsVPYnLo,99_TRIAGEM_ARQUIVOS_PARADOS_ANTIGO_OUTROS/AMIGAS DO PEITO/AGOSTO LILAS - 2025_08_29/29082025-LGK00619.JPG | 99_TRIAGEM_ARQUIVOS_PARADOS_ANTIGO_OUTROS/ANIVERSARIOS ELISA AMANDA/ANIVERSÁRIO ELIZA - 2025/29082025-LGK00619.JPG
29082025-lgk00620.jpg,2,1UOFCLGsD9a-f2RYc_k8uKjVxUUGhccgR | 1sk-DrT6S6uaOhauX-SulIm0E4wS_dtrt,99_TRIAGEM_ARQUIVOS_PARADOS_ANTIGO_OUTROS/AMIGAS DO PEITO/AGOSTO LILAS - 2025_08_29/29082025-LGK00620.JPG | 99_TRIAGEM_ARQUIVOS_PARADOS_ANTIGO_OUTROS/ANIVERSARIOS ELISA AMANDA/ANIVERSÁRIO ELIZA - 2025/29082025-LGK00620.JPG
29082025-lgk00624.jpg,2,1ob3urlA92n2FFt6meAH6NoKkfs8Qsxna | 1vlWE7O12FB8_6Oof3Uw9VPRNFygTaNlg,99_TRIAGEM_ARQUIVOS_PARADOS_ANTIGO_OUTROS/AMIGAS DO PEITO/AGOSTO LILAS - 2025_08_29/29082025-LGK00624.JPG | 99_TRIAGEM_ARQUIVOS_PARADOS_ANTIGO_OUTROS/ANIVERSARIOS ELISA AMANDA/ANIVERSÁRIO ELIZA - 2025/29082025-LGK00624.JPG
29082025-lgk00626.jpg,2,1l1yLVPTGdEbhBEqwKSMlIZNiQrn5J6N7 | 1wkXuhKmWdoMqVrcB78QzF1twLIBSM93_,99_TRIAGEM_ARQUIVOS_PARADOS_ANTIGO_OUTROS/AMIGAS DO PEITO/AGOSTO LILAS - 2025_08_29/29082025-LGK00626.JPG | 99_TRIAGEM_ARQUIVOS_PARADOS_ANTIGO_OUTROS/ANIVERSARIOS ELISA AMANDA/ANIVERSÁRIO ELIZA - 2025/29082025-LGK00626.JPG
29082025-lgk00630.jpg,2,1JvNjGDfKWbVQ8ZXDUdmq9feZYp1IU8WJ | 18jOCcy1nB3C111QH16xoQeQRNKiZ6Uyj,99_TRIAGEM_ARQUIVOS_PARADOS_ANTIGO_OUTROS/AMIGAS DO PEITO/AGOSTO LILAS - 2025_08_29/29082025-LGK00630.JPG | 99_TRIAGEM_ARQUIVOS_PARADOS_ANTIGO_OUTROS/ANIVERSARIOS ELISA AMANDA/ANIVERSÁRIO ELIZA - 2025/29082025-LGK00630.JPG
29082025-lgk00676.jpg,2,10pb2aKo1AiI6zAd_MlwqVJunfB5LLN-K | 1LGNIA5eygkcZSqLvVFSfiJNS91YODnJ-,99_TRIAGEM_ARQUIVOS_PARADOS_ANTIGO_OUTROS/AMIGAS DO PEITO/AGOSTO LILAS - 2025_08_29/29082025-LGK00676.JPG | 99_TRIAGEM_ARQUIVOS_PARADOS_ANTIGO_OUTROS/ANIVERSARIOS ELISA AMANDA/ANIVERSÁRIO ELIZA - 2025/29082025-LGK00676.JPG
29082025-lgk00692.jpg,2,1tHAP0aDP7egKCfKbTK5ZGj9EhRLRF-Gc | 1D9mm0wOoP3ELKeB_Zzt3mESIF9R8gLAQ,99_TRIAGEM_ARQUIVOS_PARADOS_ANTIGO_OUTROS/AMIGAS DO PEITO/AGOSTO LILAS - 2025_08_29/29082025-LGK00692.JPG | 99_TRIAGEM_ARQUIVOS_PARADOS_ANTIGO_OUTROS/ANIVERSARIOS ELISA AMANDA/ANIVERSÁRIO ELIZA - 2025/29082025-LGK00692.JPG
29082025-lgk00702.jpg,2,1iEvzzuw46YL1K064rbmjn8B6qHfAJUTB | 16zFy_UbJqRCiMQbjyGFLqYsXicL68wNs,99_TRIAGEM_ARQUIVOS_PARADOS_ANTIGO_OUTROS/AMIGAS DO PEITO/AGOSTO LILAS - 2025_08_29/29082025-LGK00702.JPG | 99_TRIAGEM_ARQUIVOS_PARADOS_ANTIGO_OUTROS/ANIVERSARIOS ELISA AMANDA/ANIVERSÁRIO ELIZA - 2025/29082025-LGK00702.JPG
29082025-lgk00717.jpg,2,1WaVVLuFgEt9OXbolB-cPW7lowOfM4Upm | 1wZWaj6tCN-jo4ltlmSLL9GX2VgNT--NM,99_TRIAGEM_ARQUIVOS_PARADOS_ANTIGO_OUTROS/AMIGAS DO PEITO/AGOSTO LILAS - 2025_08_29/29082025-LGK00717.JPG | 99_TRIAGEM_ARQUIVOS_PARADOS_ANTIGO_OUTROS/ANIVERSARIOS ELISA AMANDA/ANIVERSÁRIO ELIZA - 2025/29082025-LGK00717.JPG
29082025-lgk00730.jpg,2,1HMl2FkASlkQj2k1YwnfLQu_m26l_EYSD | 1wDYrqjCUFvCNCHXaOcT5jqDNeGfsZCFN,99_TRIAGEM_ARQUIVOS_PARADOS_ANTIGO_OUTROS/AMIGAS DO PEITO/AGOSTO LILAS - 2025_08_29/29082025-LGK00730.JPG | 99_TRIAGEM_ARQUIVOS_PARADOS_ANTIGO_OUTROS/ANIVERSARIOS ELISA AMANDA/ANIVERSÁRIO ELIZA - 2025/29082025-LGK00730.JPG
29082025-lgk00732.jpg,2,1Y-g9rX7odTObbqpffX15CsDtiEox89Af | 18fIxqKcfKsLp1iV78a1eF9HOGKS1km6A,99_TRIAGEM_ARQUIVOS_PARADOS_ANTIGO_OUTROS/AMIGAS DO PEITO/AGOSTO LILAS - 2025_08_29/29082025-LGK00732.JPG | 99_TRIAGEM_ARQUIVOS_PARADOS_ANTIGO_OUTROS/ANIVERSARIOS ELISA AMANDA/ANIVERSÁRIO ELIZA - 2025/29082025-LGK00732.JPG
29082025-lgk00734.jpg,2,1b10kaYVUSTxZ36RCsxehr0xKiXonzXGw | 1pyCYK2wcaxJ_uYf1zWoNsu-1BiF6Rnr8,99_TRIAGEM_ARQUIVOS_PARADOS_ANTIGO_OUTROS/AMIGAS DO PEITO/AGOSTO LILAS - 2025_08_29/29082025-LGK00734.JPG | 99_TRIAGEM_ARQUIVOS_PARADOS_ANTIGO_OUTROS/ANIVERSARIOS ELISA AMANDA/ANIVERSÁRIO ELIZA - 2025/29082025-LGK00734.JPG
29082025-lgk00741.jpg,2,1b6k0ATsyLdoNrl9Ja2obNLXFGU16lBhv | 1W5KRnk9T-h8nOP0PdurH8CB8avs8fxWE,99_TRIAGEM_ARQUIVOS_PARADOS_ANTIGO_OUTROS/AMIGAS DO PEITO/AGOSTO LILAS - 2025_08_29/29082025-LGK00741.JPG | 99_TRIAGEM_ARQUIVOS_PARADOS_ANTIGO_OUTROS/ANIVERSARIOS ELISA AMANDA/ANIVERSÁRIO ELIZA - 2025/29082025-LGK00741.JPG
29082025-lgk00750.jpg,2,1WLT7g_cB4K5qjHzzejfql1W6v5fsuRXP | 1a3jFDomHr2OW42Su3WvAGHtbtH5UE-3m,99_TRIAGEM_ARQUIVOS_PARADOS_ANTIGO_OUTROS/AMIGAS DO PEITO/AGOSTO LILAS - 2025_08_29/29082025-LGK00750.JPG | 99_TRIAGEM_ARQUIVOS_PARADOS_ANTIGO_OUTROS/ANIVERSARIOS ELISA AMANDA/ANIVERSÁRIO ELIZA - 2025/29082025-LGK00750.JPG
29082025-lgk00760.jpg,2,168ldNnXb2QrL6d3GXmFEu4xiJ5Z7M0w2 | 1QPpElBseYFCRxxpwAdDRW2l27nt_iC7a,99_TRIAGEM_ARQUIVOS_PARADOS_ANTIGO_OUTROS/AMIGAS DO PEITO/AGOSTO LILAS - 2025_08_29/29082025-LGK00760.JPG | 99_TRIAGEM_ARQUIVOS_PARADOS_ANTIGO_OUTROS/ANIVERSARIOS ELISA AMANDA/ANIVERSÁRIO ELIZA - 2025/29082025-LGK00760.JPG
29082025-lgk00777.jpg,2,1LcIkIQg2DrpVwlvL3b08WCBhTQKVZn4q | 1A_bKoRuuHA9p8p18iz7nlpI-Afba-Mn-,99_TRIAGEM_ARQUIVOS_PARADOS_ANTIGO_OUTROS/AMIGAS DO PEITO/AGOSTO LILAS - 2025_08_29/29082025-LGK00777.JPG | 99_TRIAGEM_ARQUIVOS_PARADOS_ANTIGO_OUTROS/ANIVERSARIOS ELISA AMANDA/ANIVERSÁRIO ELIZA - 2025/29082025-LGK00777.JPG
29082025-lgk00784.jpg,2,1RvoXZI4dLuMM0HA027dD_UXdnxSKCEjJ | 1yM92BRTu0iB3FYKuccPyxKNMrtDdI87F,99_TRIAGEM_ARQUIVOS_PARADOS_ANTIGO_OUTROS/AMIGAS DO PEITO/AGOSTO LILAS - 2025_08_29/29082025-LGK00784.JPG | 99_TRIAGEM_ARQUIVOS_PARADOS_ANTIGO_OUTROS/ANIVERSARIOS ELISA AMANDA/ANIVERSÁRIO ELIZA - 2025/29082025-LGK00784.JPG
29082025-lgk00786.jpg,2,1YKNs0aFxvctinxXpwrJ3HoL6WEMIymOm | 1ydhZV0Y-rvhg8p897HdoDu8u7Pd40miO,99_TRIAGEM_ARQUIVOS_PARADOS_ANTIGO_OUTROS/AMIGAS DO PEITO/AGOSTO LILAS - 2025_08_29/29082025-LGK00786.JPG | 99_TRIAGEM_ARQUIVOS_PARADOS_ANTIGO_OUTROS/ANIVERSARIOS ELISA AMANDA/ANIVERSÁRIO ELIZA - 2025/29082025-LGK00786.JPG
29082025-lgk00794.jpg,2,1Ia1w7DeLEgLO_2Ar90RrDM7hoAqBTCzr | 1hax2IHcyEoXOzpi0QIUZIGMcquctAMGG,99_TRIAGEM_ARQUIVOS_PARADOS_ANTIGO_OUTROS/AMIGAS DO PEITO/AGOSTO LILAS - 2025_08_29/29082025-LGK00794.JPG | 99_TRIAGEM_ARQUIVOS_PARADOS_ANTIGO_OUTROS/ANIVERSARIOS ELISA AMANDA/ANIVERSÁRIO ELIZA - 2025/29082025-LGK00794.JPG
29082025-lgk00796.jpg,2,1zzc-7tIrSPlGU0bLwtcvoIHYpYkCRHYS | 1Bikn-NqrWE4CLR3o9Y0PWfKl9sFZzXRe,99_TRIAGEM_ARQUIVOS_PARADOS_ANTIGO_OUTROS/AMIGAS DO PEITO/AGOSTO LILAS - 2025_08_29/29082025-LGK00796.JPG | 99_TRIAGEM_ARQUIVOS_PARADOS_ANTIGO_OUTROS/ANIVERSARIOS ELISA AMANDA/ANIVERSÁRIO ELIZA - 2025/29082025-LGK00796.JPG
29082025-lgk00798.jpg,2,112KHHtyLocPgkGQikKLkkbHKNO7jjk2E | 1sY2xuzVJ2lWkY9W_-4VIMach2y2z3Hsi,99_TRIAGEM_ARQUIVOS_PARADOS_ANTIGO_OUTROS/AMIGAS DO PEITO/AGOSTO LILAS - 2025_08_29/29082025-LGK00798.JPG | 99_TRIAGEM_ARQUIVOS_PARADOS_ANTIGO_OUTROS/ANIVERSARIOS ELISA AMANDA/ANIVERSÁRIO ELIZA - 2025/29082025-LGK00798.JPG
29082025-lgk00803.jpg,2,10WYWgRYJlHLSWI2cBxYd73DTjv92O1Ed | 1mv6RGlmHqTLHDMgSi2GBl_xfw-uEXbum,99_TRIAGEM_ARQUIVOS_PARADOS_ANTIGO_OUTROS/AMIGAS DO PEITO/AGOSTO LILAS - 2025_08_29/29082025-LGK00803.JPG | 99_TRIAGEM_ARQUIVOS_PARADOS_ANTIGO_OUTROS/ANIVERSARIOS ELISA AMANDA/ANIVERSÁRIO ELIZA - 2025/29082025-LGK00803.JPG
29082025-lgk00810.jpg,2,1_SwqguOvR1Yr648Fp0_WQv9D3rL1U0lC | 1Xn3an5JtMn_HkIVB7gdXSMavLtIyeH9a,99_TRIAGEM_ARQUIVOS_PARADOS_ANTIGO_OUTROS/AMIGAS DO PEITO/AGOSTO LILAS - 2025_08_29/29082025-LGK00810.JPG | 99_TRIAGEM_ARQUIVOS_PARADOS_ANTIGO_OUTROS/ANIVERSARIOS ELISA AMANDA/ANIVERSÁRIO ELIZA - 2025/29082025-LGK00810.JPG
29082025-lgk00812.jpg,2,13yXHwF3XjyrnomVTxnbsyUjnXEI0iec2 | 1r_iniN3lRwuR1t-GeMbFMjN43_4SS4DQ,99_TRIAGEM_ARQUIVOS_PARADOS_ANTIGO_OUTROS/AMIGAS DO PEITO/AGOSTO LILAS - 2025_08_29/29082025-LGK00812.JPG | 99_TRIAGEM_ARQUIVOS_PARADOS_ANTIGO_OUTROS/ANIVERSARIOS ELISA AMANDA/ANIVERSÁRIO ELIZA - 2025/29082025-LGK00812.JPG
29082025-lgk00827.jpg,2,1wqCtnwN82V-_VWo4EQPnds3v-Wh-H0FZ | 1ro7TD27vMVRgp7MSDRK-J36skQ1MNy35,99_TRIAGEM_ARQUIVOS_PARADOS_ANTIGO_OUTROS/AMIGAS DO PEITO/AGOSTO LILAS - 2025_08_29/29082025-LGK00827.JPG | 99_TRIAGEM_ARQUIVOS_PARADOS_ANTIGO_OUTROS/ANIVERSARIOS ELISA AMANDA/ANIVERSÁRIO ELIZA - 2025/29082025-LGK00827.JPG
29082025-lgk00829.jpg,2,1zwOhANhhM1k1S5MlmouUZY3ctlBGZ-jJ | 1X7bJg4y6qfZRaiajgyXC9u7uGhZtXse6,99_TRIAGEM_ARQUIVOS_PARADOS_ANTIGO_OUTROS/AMIGAS DO PEITO/AGOSTO LILAS - 2025_08_29/29082025-LGK00829.JPG | 99_TRIAGEM_ARQUIVOS_PARADOS_ANTIGO_OUTROS/ANIVERSARIOS ELISA AMANDA/ANIVERSÁRIO ELIZA - 2025/29082025-LGK00829.JPG
29082025-lgk00832.jpg,2,16rrUwlZRCWjj4kdLxl-jA4CmqIE8xfvf | 1uZ_58kZ4NIl09FxsnryEPnvVh2ufivQA,99_TRIAGEM_ARQUIVOS_PARADOS_ANTIGO_OUTROS/AMIGAS DO PEITO/AGOSTO LILAS - 2025_08_29/29082025-LGK00832.JPG | 99_TRIAGEM_ARQUIVOS_PARADOS_ANTIGO_OUTROS/ANIVERSARIOS ELISA AMANDA/ANIVERSÁRIO ELIZA - 2025/29082025-LGK00832.JPG
29082025-lgk00851.jpg,2,1sePgj5ieI0gQ9mOND8iPeMA3Stz6jhWs | 1zbcDFQqhiuouba7_kDfT4jrZ4iPZfE7H,99_TRIAGEM_ARQUIVOS_PARADOS_ANTIGO_OUTROS/AMIGAS DO PEITO/AGOSTO LILAS - 2025_08_29/29082025-LGK00851.JPG | 99_TRIAGEM_ARQUIVOS_PARADOS_ANTIGO_OUTROS/ANIVERSARIOS ELISA AMANDA/ANIVERSÁRIO ELIZA - 2025/29082025-LGK00851.JPG
29082025-lgk00868.jpg,2,1odkQcK2ZWflgGHfZjGsQskgzQy3Zdh_W | 1Am7jtt_qWwKV5jMXXXk1mRK0UEXYqN0C,99_TRIAGEM_ARQUIVOS_PARADOS_ANTIGO_OUTROS/AMIGAS DO PEITO/AGOSTO LILAS - 2025_08_29/29082025-LGK00868.JPG | 99_TRIAGEM_ARQUIVOS_PARADOS_ANTIGO_OUTROS/ANIVERSARIOS ELISA AMANDA/ANIVERSÁRIO ELIZA - 2025/29082025-LGK00868.JPG
29082025-lgk00870.jpg,2,1kE6dh7cXxDbIZ4zt_PKBxHNsRYuAVfLb | 1cVbS0L4zsk2LrQpYhJSEWSVTpQNqkAtk,99_TRIAGEM_ARQUIVOS_PARADOS_ANTIGO_OUTROS/AMIGAS DO PEITO/AGOSTO LILAS - 2025_08_29/29082025-LGK00870.JPG | 99_TRIAGEM_ARQUIVOS_PARADOS_ANTIGO_OUTROS/ANIVERSARIOS ELISA AMANDA/ANIVERSÁRIO ELIZA - 2025/29082025-LGK00870.JPG
29082025-lgk00874.jpg,2,1pXxmcG--JaEGgygiTi-DJsWPvC77-TZv | 1zMjw-wYf8juIR1tS5ELYB30lrAc8fCL-,99_TRIAGEM_ARQUIVOS_PARADOS_ANTIGO_OUTROS/AMIGAS DO PEITO/AGOSTO LILAS - 2025_08_29/29082025-LGK00874.JPG | 99_TRIAGEM_ARQUIVOS_PARADOS_ANTIGO_OUTROS/ANIVERSARIOS ELISA AMANDA/ANIVERSÁRIO ELIZA - 2025/29082025-LGK00874.JPG
29082025-lgk00877.jpg,2,1A7y7nOSHBp2j-KEQ8aecIsRzQMYp1yxA | 12IJt6kVjozE7WHMrDEMlG-7LpdvnWrs_,99_TRIAGEM_ARQUIVOS_PARADOS_ANTIGO_OUTROS/AMIGAS DO PEITO/AGOSTO LILAS - 2025_08_29/29082025-LGK00877.JPG | 99_TRIAGEM_ARQUIVOS_PARADOS_ANTIGO_OUTROS/ANIVERSARIOS ELISA AMANDA/ANIVERSÁRIO ELIZA - 2025/29082025-LGK00877.JPG
29082025-lgk00881.jpg,2,1oDLsTVrrfG_7sftTLCVtvAGS-Q-AZinW | 11vOdvJipxyBQaTILv4wKKHYxyI7nNIar,99_TRIAGEM_ARQUIVOS_PARADOS_ANTIGO_OUTROS/AMIGAS DO PEITO/AGOSTO LILAS - 2025_08_29/29082025-LGK00881.JPG | 99_TRIAGEM_ARQUIVOS_PARADOS_ANTIGO_OUTROS/ANIVERSARIOS ELISA AMANDA/ANIVERSÁRIO ELIZA - 2025/29082025-LGK00881.JPG
29082025-lgk00895.jpg,2,1RC2lSQ6W_8X6Q6yBLIKgc4X0urEQKhi6 | 1xGorVzTCsIlCILD9WcFwFcSBeN9jAnhm,99_TRIAGEM_ARQUIVOS_PARADOS_ANTIGO_OUTROS/AMIGAS DO PEITO/AGOSTO LILAS - 2025_08_29/29082025-LGK00895.JPG | 99_TRIAGEM_ARQUIVOS_PARADOS_ANTIGO_OUTROS/ANIVERSARIOS ELISA AMANDA/ANIVERSÁRIO ELIZA - 2025/29082025-LGK00895.JPG
29082025-lgk00910.jpg,2,1NIeACB7PQBe0dxKGy1GH2s3JdBh4H7v4 | 18-2BVde-LIMii7prDjb4inRdJAlvQKDh,99_TRIAGEM_ARQUIVOS_PARADOS_ANTIGO_OUTROS/AMIGAS DO PEITO/AGOSTO LILAS - 2025_08_29/29082025-LGK00910.JPG | 99_TRIAGEM_ARQUIVOS_PARADOS_ANTIGO_OUTROS/ANIVERSARIOS ELISA AMANDA/ANIVERSÁRIO ELIZA - 2025/29082025-LGK00910.JPG
