size_bytes,size_human,path,id,mimeType
2147429188,2.0 GB,CURSOS/ASIMOV/TRILHAS RETIRADAS DA PLATAFORMA-20260528T150600Z-3-001 (2).zip,17SGVHIH7L7p_scjIKpU3ZODMEBlLIhMk,application/zip
2147429188,2.0 GB,CURSOS/ASIMOV/TRILHAS RETIRADAS DA PLATAFORMA-20260528T150600Z-3-001.zip,18JVzKIAYEH_Yw8W2tpKfSDDE9OIcb6Sk,application/zip
2147429188,2.0 GB,CURSOS/ASIMOV/TRILHAS RETIRADAS DA PLATAFORMA/TRILHAS RETIRADAS DA PLATAFORMA-20260528T150600Z-3-001 (2).zip,1I0j3yx4E5SA4gaJtCTVEP0SQ3CcKbbYN,application/zip
2147429188,2.0 GB,CURSOS/ASIMOV/TRILHAS RETIRADAS DA PLATAFORMA/TRILHAS RETIRADAS DA PLATAFORMA-20260528T150600Z-3-001 (2).zip,1j1A8VPhs2wB9mUTZEQ3tF591pG04PQVa,application/zip
2147429188,2.0 GB,CURSOS/ASIMOV/TRILHAS RETIRADAS DA PLATAFORMA/TRILHAS RETIRADAS DA PLATAFORMA-20260528T150600Z-3-001.zip,1hmdHLO9xMqlKfOGw2290xV3IbjjtXu6A,application/zip
2147429188,2.0 GB,CURSOS/ASIMOV/TRILHAS RETIRADAS DA PLATAFORMA/TRILHAS RETIRADAS DA PLATAFORMA-20260528T150600Z-3-001.zip,1HYreRy_0qWGERbr9y_gEuparsPlp2o8n,application/zip
2147391507,2.0 GB,CURSOS/ASIMOV/TRILHAS RETIRADAS DA PLATAFORMA-20260528T150600Z-3-016.zip,1gee5DboL_sUyRTPW3fiTQh5LGbRdi88Q,application/zip
2147391507,2.0 GB,CURSOS/ASIMOV/TRILHAS RETIRADAS DA PLATAFORMA/TRILHAS RETIRADAS DA PLATAFORMA-20260528T150600Z-3-016.zip,100pOUqgCvz13reYNWZBVQRSNcPNG5MmU,application/zip
2147391507,2.0 GB,CURSOS/ASIMOV/TRILHAS RETIRADAS DA PLATAFORMA/TRILHAS RETIRADAS DA PLATAFORMA-20260528T150600Z-3-016.zip,1CLe1HTq6vamK699YPKuFZQbFRAag6PRg,application/zip
2147341509,2.0 GB,CURSOS/ASIMOV/TRILHAS RETIRADAS DA PLATAFORMA-20260529T041136Z-3-004.zip,1dwjWQKFJUvGZ1QxThTosP1LLD1hjQcd2,application/zip
2147341509,2.0 GB,CURSOS/ASIMOV/TRILHAS RETIRADAS DA PLATAFORMA/TRILHAS RETIRADAS DA PLATAFORMA-20260529T041136Z-3-004.zip,1oK69ozLtItgmI6NLnNYbjUsTKbAahJEt,application/zip
2147341509,2.0 GB,CURSOS/ASIMOV/TRILHAS RETIRADAS DA PLATAFORMA/TRILHAS RETIRADAS DA PLATAFORMA-20260529T041136Z-3-004.zip,1YPA2H6MlsgRAyCyT5EkbxLQJ1-t24FKT,application/zip
2147327512,2.0 GB,CURSOS/ASIMOV/TRILHAS RETIRADAS DA PLATAFORMA-20260529T041136Z-3-001.zip,1gLG9CVC4lsvQaRj4iCdrMAHWKFKpO9OG,application/zip
2147327512,2.0 GB,CURSOS/ASIMOV/TRILHAS RETIRADAS DA PLATAFORMA/TRILHAS RETIRADAS DA PLATAFORMA-20260529T041136Z-3-001.zip,1n0xt4gZWptr92XKmU-it_oQ50q3wcW_-,application/zip
2147327512,2.0 GB,CURSOS/ASIMOV/TRILHAS RETIRADAS DA PLATAFORMA/TRILHAS RETIRADAS DA PLATAFORMA-20260529T041136Z-3-001.zip,1iynwFf3nYu9u1onUusWHZ5FdEtn8kg2X,application/zip
2147164401,2.0 GB,CURSOS/ASIMOV/TRILHAS RETIRADAS DA PLATAFORMA-20260528T150600Z-3-009.zip,1W-7hKjdG-xTG0u4us0YsYZyebok6y5Gk,application/zip
2147164401,2.0 GB,CURSOS/ASIMOV/TRILHAS RETIRADAS DA PLATAFORMA/TRILHAS RETIRADAS DA PLATAFORMA-20260528T150600Z-3-009.zip,14QEjGJRPas4XAX_TwrNzEWuhBDqF7beM,application/zip
2147164401,2.0 GB,CURSOS/ASIMOV/TRILHAS RETIRADAS DA PLATAFORMA/TRILHAS RETIRADAS DA PLATAFORMA-20260528T150600Z-3-009.zip,1lvb9nGWrTFleKAtEB93PDKbuJjd0cZfW,application/zip
2147145199,2.0 GB,CURSOS/ASIMOV/Formações em Python & Inteligência Artificial/Formações em Python & Inteligência Artificial-20260529T103415Z-3-001.zip,1SBlvIp40XXHIppFxABkwDmWxPffZYD0r,application/zip
2147003886,2.0 GB,CURSOS/ASIMOV/TRILHAS RETIRADAS DA PLATAFORMA-20260529T041136Z-3-002.zip,1ROf8gIJLJfpxMMj6O-MM9idYeOZbG3mi,application/zip
2147003886,2.0 GB,CURSOS/ASIMOV/TRILHAS RETIRADAS DA PLATAFORMA/TRILHAS RETIRADAS DA PLATAFORMA-20260529T041136Z-3-002.zip,1GpSKbmuSyUxPr3intlN-NEuKykVedZOc,application/zip
2147003886,2.0 GB,CURSOS/ASIMOV/TRILHAS RETIRADAS DA PLATAFORMA/TRILHAS RETIRADAS DA PLATAFORMA-20260529T041136Z-3-002.zip,1wMp3MjB5kYFUu_1gaF2k2zkxyLrTiFcp,application/zip
2146359623,2.0 GB,CURSOS/ASIMOV/TRILHAS RETIRADAS DA PLATAFORMA-20260529T041136Z-3-014.zip,1Q5-bOx1wPcT0Vy7tP5v23S3qz98vnWWr,application/zip
2146359623,2.0 GB,CURSOS/ASIMOV/TRILHAS RETIRADAS DA PLATAFORMA/TRILHAS RETIRADAS DA PLATAFORMA-20260529T041136Z-3-014.zip,1uScNLGknZaAoSaw1dMkxsbLldI_SsZ4k,application/zip
2146359623,2.0 GB,CURSOS/ASIMOV/TRILHAS RETIRADAS DA PLATAFORMA/TRILHAS RETIRADAS DA PLATAFORMA-20260529T041136Z-3-014.zip,1-Y4ax00ZSzqAVGKh4J72jYs3LBwVlUNn,application/zip
2146353170,2.0 GB,CURSOS/ASIMOV/Formações em Python & Inteligência Artificial/Formações em Python & Inteligência Artificial-20260529T103415Z-3-006.zip,1bVBjs3YF9vtSQXDaIWYwOvqmExTRMjm4,application/zip
2146057306,2.0 GB,CURSOS/ASIMOV/TRILHAS RETIRADAS DA PLATAFORMA-20260528T150600Z-3-006.zip,1b9FzMUDqmaAX_iQvSnD6C_upPYspuhaB,application/zip
2146057306,2.0 GB,CURSOS/ASIMOV/TRILHAS RETIRADAS DA PLATAFORMA/TRILHAS RETIRADAS DA PLATAFORMA-20260528T150600Z-3-006.zip,1iMDjSrYb1ww83LE5ukA-QIn8n1LikDfS,application/zip
2146057306,2.0 GB,CURSOS/ASIMOV/TRILHAS RETIRADAS DA PLATAFORMA/TRILHAS RETIRADAS DA PLATAFORMA-20260528T150600Z-3-006.zip,1eXWdACxD-0aGhofi5orouM3hw1e-x_WK,application/zip
2145914106,2.0 GB,CURSOS/ASIMOV/TRILHAS RETIRADAS DA PLATAFORMA-20260528T150600Z-3-008.zip,1d1iHOwLPhRE_I6AFmxda_EslahwCCpmZ,application/zip
2145914106,2.0 GB,CURSOS/ASIMOV/TRILHAS RETIRADAS DA PLATAFORMA/TRILHAS RETIRADAS DA PLATAFORMA-20260528T150600Z-3-008.zip,1BX_O9UTilQ2olGcUzVL5ttRV4j3Zmyjc,application/zip
2145914106,2.0 GB,CURSOS/ASIMOV/TRILHAS RETIRADAS DA PLATAFORMA/TRILHAS RETIRADAS DA PLATAFORMA-20260528T150600Z-3-008.zip,1U9wsL5D_a4ym2RsQ2hayJeIgIhbOX585,application/zip
2145625447,2.0 GB,CURSOS/ASIMOV/TRILHAS RETIRADAS DA PLATAFORMA-20260528T150600Z-3-017.zip,1AzI0vYns1BSz0nnsATut4df7SEbsfdA7,application/zip
2145625447,2.0 GB,CURSOS/ASIMOV/TRILHAS RETIRADAS DA PLATAFORMA/TRILHAS RETIRADAS DA PLATAFORMA-20260528T150600Z-3-017.zip,12RoZb6dwCL8ltaIXJMsw7gFZEwoM1dT8,application/zip
2145625447,2.0 GB,CURSOS/ASIMOV/TRILHAS RETIRADAS DA PLATAFORMA/TRILHAS RETIRADAS DA PLATAFORMA-20260528T150600Z-3-017.zip,1TtQF-IJOwDDS9TYvoUVyl_JsIjcD-glf,application/zip
2145543674,2.0 GB,CURSOS/ASIMOV/TRILHAS RETIRADAS DA PLATAFORMA-20260529T041136Z-3-003.zip,1pBEfWFy9BmEXnRyfG-ppSMRZxtSjJUJu,application/zip
2145543674,2.0 GB,CURSOS/ASIMOV/TRILHAS RETIRADAS DA PLATAFORMA/TRILHAS RETIRADAS DA PLATAFORMA-20260529T041136Z-3-003.zip,1hnf-9PVKXUDb1X_xHop8HZw4gt1AyZaP,application/zip
2145543674,2.0 GB,CURSOS/ASIMOV/TRILHAS RETIRADAS DA PLATAFORMA/TRILHAS RETIRADAS DA PLATAFORMA-20260529T041136Z-3-003.zip,1aRvGbaUifaBIkuMHL-xwwWPyCsjTinbA,application/zip
2144908535,2.0 GB,CURSOS/ASIMOV/TRILHAS RETIRADAS DA PLATAFORMA-20260528T150600Z-3-005.zip,1dZcCMYXr3AGzm7bMnxt-YryT13jw-gdT,application/zip
2144908535,2.0 GB,CURSOS/ASIMOV/TRILHAS RETIRADAS DA PLATAFORMA/TRILHAS RETIRADAS DA PLATAFORMA-20260528T150600Z-3-005.zip,1tcS6Z6zZ1ONLeFI3AAhVVald5OSYKoBi,application/zip
2144908535,2.0 GB,CURSOS/ASIMOV/TRILHAS RETIRADAS DA PLATAFORMA/TRILHAS RETIRADAS DA PLATAFORMA-20260528T150600Z-3-005.zip,1wJc9CIWx0ENoibUrPThAvTc65XhRDxXu,application/zip
2144477713,2.0 GB,CURSOS/ASIMOV/TRILHAS RETIRADAS DA PLATAFORMA-20260529T041136Z-3-006.zip,1-vv6CjIR9IdH9wDjiEdqqxo99HmqLT9x,application/zip
2144477713,2.0 GB,CURSOS/ASIMOV/TRILHAS RETIRADAS DA PLATAFORMA/TRILHAS RETIRADAS DA PLATAFORMA-20260529T041136Z-3-006.zip,1rbEIkj7wlkPI4zP0H_zkUMi1dIuEGuas,application/zip
2144477713,2.0 GB,CURSOS/ASIMOV/TRILHAS RETIRADAS DA PLATAFORMA/TRILHAS RETIRADAS DA PLATAFORMA-20260529T041136Z-3-006.zip,1F4Bif0PRw_-HypiB7Z7A5UNKb5sDpzyh,application/zip
2144333741,2.0 GB,CURSOS/ASIMOV/07 - [TRILHA] Python Office - Python para Empresas-20260529T122935Z-3-001.zip,1I8ZlxnF5GObIX0utoKEyG_hcSQ_b15BF,application/zip
2142864290,2.0 GB,CURSOS/ASIMOV/05 - [TRILHA] Python Office - Automações com Python-20260529T114723Z-3-006.zip,1L5BRumGk4_9SWFFVE8G9ojrcC-nxLI9U,application/zip
2142152645,2.0 GB,CURSOS/ASIMOV/Formações em Python & Inteligência Artificial/Formações em Python & Inteligência Artificial-20260529T103415Z-3-002.zip,1eeXZ6H_vmfB9C8hdomVtDJFRNa9c3W-j,application/zip
2141460048,2.0 GB,CURSOS/ASIMOV/TRILHAS RETIRADAS DA PLATAFORMA-20260528T150600Z-3-014.zip,1AXwO3ehChNoFwiWBUZv47K4-5z9BA6Fd,application/zip
2141460048,2.0 GB,CURSOS/ASIMOV/TRILHAS RETIRADAS DA PLATAFORMA/TRILHAS RETIRADAS DA PLATAFORMA-20260528T150600Z-3-014.zip,1vy4VDvFrdToRYlHdZrcPZ1ZUkN8ZKRRw,application/zip
2141460048,2.0 GB,CURSOS/ASIMOV/TRILHAS RETIRADAS DA PLATAFORMA/TRILHAS RETIRADAS DA PLATAFORMA-20260528T150600Z-3-014.zip,1DC0_lbNynU8F_AVXG6L5IC7aVAKBwZgv,application/zip
2141332567,2.0 GB,CURSOS/ASIMOV/Engenharia de Dados/03 - [TRILHA] Engenharia de Dados-20260529T110445Z-3-001.zip,1j0JxBR59Hmw886qztEXwr9n8khhVlM3a,application/zip
2140452406,2.0 GB,CURSOS/ASIMOV/Formações em Python & Inteligência Artificial/Formações em Python & Inteligência Artificial-20260529T103415Z-3-003.zip,1iZxKNoJpY9RxPA6rtPXXjVDmkjofqM8v,application/zip
2140447963,2.0 GB,CURSOS/ASIMOV/Formações em Python & Inteligência Artificial/Formações em Python & Inteligência Artificial-20260529T103415Z-3-024.zip,1B3HDTJ_jIZCYKWWqVR2KaOkzxVH4HI2f,application/zip
2140332555,2.0 GB,CURSOS/ASIMOV/Formações em Python & Inteligência Artificial/Formações em Python & Inteligência Artificial-20260529T103415Z-3-005.zip,1Kq9ek9jy2Lm3eGRjb7YN7StRWlbLhFDD,application/zip
2140163836,2.0 GB,CURSOS/ASIMOV/Formações em Python & Inteligência Artificial/Formações em Python & Inteligência Artificial-20260529T103415Z-3-012.zip,1XQg9NbgRuLYesWH0t5_FN-LwqapEYlAj,application/zip
2139805346,2.0 GB,CURSOS/ASIMOV/07 - [TRILHA] Python Office - Python para Empresas-20260529T122935Z-3-003.zip,1wflH2C7NudLWKN_88E51Qpbl4wF1rg8n,application/zip
2139652464,2.0 GB,CURSOS/ASIMOV/TRILHAS RETIRADAS DA PLATAFORMA-20260528T150600Z-3-019.zip,1zlqAeDBIhs2y8fIVF2CF3TdA8IdN-jlZ,application/zip
2139652464,2.0 GB,CURSOS/ASIMOV/TRILHAS RETIRADAS DA PLATAFORMA/TRILHAS RETIRADAS DA PLATAFORMA-20260528T150600Z-3-019.zip,16XHaqStZD8OkZaKSkEBgjVLcY9-aFQvr,application/zip
2139652464,2.0 GB,CURSOS/ASIMOV/TRILHAS RETIRADAS DA PLATAFORMA/TRILHAS RETIRADAS DA PLATAFORMA-20260528T150600Z-3-019.zip,1_Mq8ur--L4OzlmJAnPw1XdC8UZac86xH,application/zip
2138058551,2.0 GB,CURSOS/ASIMOV/07 - [TRILHA] Python Office - Python para Empresas-20260529T122935Z-3-004.zip,1ObzAa8M6R-Oy9T5Cdrpe4BLPbHveJG4M,application/zip
2137747700,2.0 GB,CURSOS/ASIMOV/05 - [TRILHA] Python Office - Automações com Python-20260529T114723Z-3-001.zip,1KAPtTzCnDWM_AZLGDb-phC_HU5-kbtf6,application/zip
2137410831,2.0 GB,CURSOS/ASIMOV/Formações em Python & Inteligência Artificial/Formações em Python & Inteligência Artificial-20260529T103415Z-3-013.zip,1LzEGzgzCkMq9MHKzejkiJK5gnTS8uxJl,application/zip
2135761864,2.0 GB,CURSOS/ASIMOV/TRILHAS RETIRADAS DA PLATAFORMA-20260529T041136Z-3-011.zip,1JjPntq7OfTlW1RnSaP-Zizjy3cAnKeGF,application/zip
2135761864,2.0 GB,CURSOS/ASIMOV/TRILHAS RETIRADAS DA PLATAFORMA/TRILHAS RETIRADAS DA PLATAFORMA-20260529T041136Z-3-011.zip,1Dmr66z1KFNyKO0ca4osmkT6IeENhNuoV,application/zip
2135761864,2.0 GB,CURSOS/ASIMOV/TRILHAS RETIRADAS DA PLATAFORMA/TRILHAS RETIRADAS DA PLATAFORMA-20260529T041136Z-3-011.zip,1OLd19daJCwgdZynngqvQ37uIBreM8FU-,application/zip
2135047773,2.0 GB,CURSOS/ASIMOV/TRILHAS RETIRADAS DA PLATAFORMA-20260529T041136Z-3-019.zip,1OgaMRcOFfDl3Dc_Eb2CvzgBmZsyGSsJk,application/zip
2134024220,2.0 GB,CURSOS/ASIMOV/TRILHAS RETIRADAS DA PLATAFORMA-20260528T150600Z-3-022.zip,1xpPkv2gOPaaoca1Tcgp-2Sii8JH73oHi,application/zip
2134024220,2.0 GB,CURSOS/ASIMOV/TRILHAS RETIRADAS DA PLATAFORMA/TRILHAS RETIRADAS DA PLATAFORMA-20260528T150600Z-3-022.zip,1_ZSUOqYOK5lfF_sSKvnEfvffAj4__zuc,application/zip
2134024220,2.0 GB,CURSOS/ASIMOV/TRILHAS RETIRADAS DA PLATAFORMA/TRILHAS RETIRADAS DA PLATAFORMA-20260528T150600Z-3-022.zip,1y9POv259QBmLowM7u2elRK0nGKhJJs6H,application/zip
2133836070,2.0 GB,CURSOS/ASIMOV/TRILHAS RETIRADAS DA PLATAFORMA-20260529T041136Z-3-007.zip,1uOu45n5NYyjD2JwPzkYAuLV6sEezCsMt,application/zip
2133836070,2.0 GB,CURSOS/ASIMOV/TRILHAS RETIRADAS DA PLATAFORMA/TRILHAS RETIRADAS DA PLATAFORMA-20260529T041136Z-3-007.zip,1kPC16S-9_WlegLhJnboPC3S17UOXEwcm,application/zip
2133836070,2.0 GB,CURSOS/ASIMOV/TRILHAS RETIRADAS DA PLATAFORMA/TRILHAS RETIRADAS DA PLATAFORMA-20260529T041136Z-3-007.zip,1p00EQYrfaQ_2R_oYionqMks5fD9foLYT,application/zip
2133117977,2.0 GB,CURSOS/ASIMOV/Formações em Python & Inteligência Artificial/Formações em Python & Inteligência Artificial-20260529T103415Z-3-004.zip,1RMUaBN3gWhwigCLmmnH9yOSEeBrP0Tz1,application/zip
2132841523,2.0 GB,CURSOS/ASIMOV/TRILHAS RETIRADAS DA PLATAFORMA-20260529T041136Z-3-013.zip,11crpNhSoyNrUNYeYrSWdl8pCb8cb1bP8,application/zip
2132841523,2.0 GB,CURSOS/ASIMOV/TRILHAS RETIRADAS DA PLATAFORMA/TRILHAS RETIRADAS DA PLATAFORMA-20260529T041136Z-3-013.zip,1-W5XG1xZ2lkBGyCKtVynoccJRbrVShUm,application/zip
2132841523,2.0 GB,CURSOS/ASIMOV/TRILHAS RETIRADAS DA PLATAFORMA/TRILHAS RETIRADAS DA PLATAFORMA-20260529T041136Z-3-013.zip,1eUV5zW38CAvYbqJxFC1qJsmoRjYMKD2u,application/zip
2132542463,2.0 GB,CURSOS/ASIMOV/Engenharia de Dados/04 - [TRILHA] Python para Web-20260529T111639Z-3-002.zip,1mk0wisOVGErCMIDDc8ECmIW-SENU3cmE,application/zip
2132468772,2.0 GB,CURSOS/ASIMOV/Formações em Python & Inteligência Artificial/Formações em Python & Inteligência Artificial-20260529T103415Z-3-014.zip,173gIKyH2PC8jNrXGnVNfeCi4-nXyd558,application/zip
2132372564,2.0 GB,CURSOS/ASIMOV/TRILHAS RETIRADAS DA PLATAFORMA-20260529T041136Z-3-009.zip,1S_ajp1PKsoy0LEtZf-wXM92_eQvlGJ3i,application/zip
2132372564,2.0 GB,CURSOS/ASIMOV/TRILHAS RETIRADAS DA PLATAFORMA/TRILHAS RETIRADAS DA PLATAFORMA-20260529T041136Z-3-009.zip,1kO9J7fq6SKLvd-e3PAwFVuhMfRPYPEVt,application/zip
2132372564,2.0 GB,CURSOS/ASIMOV/TRILHAS RETIRADAS DA PLATAFORMA/TRILHAS RETIRADAS DA PLATAFORMA-20260529T041136Z-3-009.zip,1N_utMofhlYLiYNjqlzP39H5oQPsm_RZU,application/zip
2131903666,2.0 GB,CURSOS/ASIMOV/TRILHAS RETIRADAS DA PLATAFORMA-20260529T041136Z-3-012.zip,1l1o4V_Ivz8O-HuYK2uqc1J08z4tGR1ax,application/zip
2131903666,2.0 GB,CURSOS/ASIMOV/TRILHAS RETIRADAS DA PLATAFORMA/TRILHAS RETIRADAS DA PLATAFORMA-20260529T041136Z-3-012.zip,1BGDzGXhETH-Txj2GWC38hyrXeGOPBnJK,application/zip
2131903666,2.0 GB,CURSOS/ASIMOV/TRILHAS RETIRADAS DA PLATAFORMA/TRILHAS RETIRADAS DA PLATAFORMA-20260529T041136Z-3-012.zip,1rjReFjv_cKToL5_WOOj28i5Drrah2lA3,application/zip
2131777817,2.0 GB,CURSOS/ASIMOV/TRILHAS RETIRADAS DA PLATAFORMA-20260529T041136Z-3-017.zip,1VWiki-2YBuQJVQ8vEWtTzN-HElVYWfXl,application/zip
2131777817,2.0 GB,CURSOS/ASIMOV/TRILHAS RETIRADAS DA PLATAFORMA/TRILHAS RETIRADAS DA PLATAFORMA-20260529T041136Z-3-017.zip,18FSR9ifsbRdLNu1XVacmYt6G4Ywcw5JP,application/zip
2131777817,2.0 GB,CURSOS/ASIMOV/TRILHAS RETIRADAS DA PLATAFORMA/TRILHAS RETIRADAS DA PLATAFORMA-20260529T041136Z-3-017.zip,1Rymfe3VGDRxxjUvZUctY2L82vKMftvCv,application/zip
2131668859,2.0 GB,CURSOS/ASIMOV/TRILHAS RETIRADAS DA PLATAFORMA-20260529T041136Z-3-016.zip,1s9IdtCmVrAJgaUPnfEnMeE6n3XKjY2Wd,application/zip
2131668859,2.0 GB,CURSOS/ASIMOV/TRILHAS RETIRADAS DA PLATAFORMA/TRILHAS RETIRADAS DA PLATAFORMA-20260529T041136Z-3-016.zip,1uI0uCCOGygAV9SCfgzyhWZIVP-JxmSt0,application/zip
2131668859,2.0 GB,CURSOS/ASIMOV/TRILHAS RETIRADAS DA PLATAFORMA/TRILHAS RETIRADAS DA PLATAFORMA-20260529T041136Z-3-016.zip,1f2BbpcY-9eonphgDbt-ZaDthz6mjnaYG,application/zip
2130759116,2.0 GB,CURSOS/ASIMOV/06 - [TRILHA] Aprendendo Python-20260529T120724Z-3-001.zip,1h77BBaI8Wy4-zVF6VoVzve49InlXItH3,application/zip
2130264860,2.0 GB,CURSOS/ASIMOV/TRILHAS RETIRADAS DA PLATAFORMA-20260529T041136Z-3-022.zip,1OxyGEKAxLfz96lEkA5h5L3CXHeiE8OBe,application/zip
2130264860,2.0 GB,CURSOS/ASIMOV/TRILHAS RETIRADAS DA PLATAFORMA/TRILHAS RETIRADAS DA PLATAFORMA-20260529T041136Z-3-022.zip,1d81O9sVFWpw2tonsP1ogDLG1vaqG9Mmk,application/zip
2129985594,2.0 GB,CURSOS/ASIMOV/TRILHAS RETIRADAS DA PLATAFORMA-20260529T041136Z-3-005.zip,1Ta1odSpTqgRMWJT-s3o7ORnSimG3QR7p,application/zip
2129985594,2.0 GB,CURSOS/ASIMOV/TRILHAS RETIRADAS DA PLATAFORMA/TRILHAS RETIRADAS DA PLATAFORMA-20260529T041136Z-3-005.zip,17H_l47wtcWXrCzXxvN7pNA_L5As9XOXi,application/zip
2129985594,2.0 GB,CURSOS/ASIMOV/TRILHAS RETIRADAS DA PLATAFORMA/TRILHAS RETIRADAS DA PLATAFORMA-20260529T041136Z-3-005.zip,1WbgnPIy3pEHg0sggAgXw_HkiEznNhHlh,application/zip
2129827652,2.0 GB,CURSOS/ASIMOV/Formações em Python & Inteligência Artificial/Formações em Python & Inteligência Artificial-20260529T103415Z-3-007.zip,1WqHKU-PY0xycwWG48eZFMervaawpUmdl,application/zip
2129750669,2.0 GB,CURSOS/ASIMOV/Engenharia de Dados/03 - [TRILHA] Engenharia de Dados-20260529T110445Z-3-002.zip,1m7I-gTvH9K8VjIsjCc6A-ArHTvwOrDCm,application/zip
2129648286,2.0 GB,CURSOS/ASIMOV/Formações em Python & Inteligência Artificial/Formações em Python & Inteligência Artificial-20260529T103415Z-3-008.zip,1ewsBxCQOcOHRQFQkBTkTjPAwz37RMeR1,application/zip
2129530571,2.0 GB,CURSOS/ASIMOV/TRILHAS RETIRADAS DA PLATAFORMA-20260529T041136Z-3-010.zip,1PRPKqQvwuwCRtnH4n_defTNbA0-4U3sH,application/zip
