path,name,id,mimeType,size,modifiedTime
03_LOGIKA_NEGOCIO,03_LOGIKA_NEGOCIO,1mXTHn73gmpz3Yf5eKYqEkkwP7D6pSrt2,application/vnd.google-apps.folder,,2026-05-22T11:33:55.957Z
PERFIL DA EMPRESA LÓGIKA CREATIVE,PERFIL DA EMPRESA LÓGIKA CREATIVE,1p2ibCUenge-zMD5nYkvCRv-ex7Dz_JbS,application/vnd.google-apps.folder,,2025-09-18T15:48:56.823Z
PROPOSTAS,PROPOSTAS,1ytWOD3DwDTB4-M4I3hCUc8byDRAM5Zuo,application/vnd.google-apps.folder,,2026-07-06T04:18:16.078Z
CURSOS_EBOOKS/EMPRESA 1P,EMPRESA 1P,1V7YVDLFOgsCqDZNKbD9rtF2LSSdmD3zr,application/vnd.google-apps.folder,,2026-06-24T13:55:09.000Z
CURSOS_EBOOKS/EMPRESA 1P/CRMaster_Gestão Automatizada de Clientes,CRMaster_Gestão Automatizada de Clientes,1TGIyKuALQMCCFCegmXZJdjqaj1YrvrrD,application/vnd.google-apps.folder,,2026-07-05T22:46:40.000Z
CURSOS_EBOOKS/EMPRESA 1P/CRMaster_Gestão Automatizada de Clientes/AULA+FORMS.pdf,AULA+FORMS.pdf,1QrcBM6v4XF8vYjMUO4hKs5CAl8taS1uh,application/pdf,38399,2026-06-24T13:53:49.000Z
CURSOS_EBOOKS/EMPRESA 1P/CRMaster_Gestão Automatizada de Clientes/CRMaster+[DOWNLOAD].pdf,CRMaster+[DOWNLOAD].pdf,12Gvlto0MKft5pfZW5LB9oSKpQXCPKl6Y,application/pdf,38109,2026-06-24T13:53:22.000Z
CURSOS_EBOOKS/VENDE-C/IdentificandoPerfildeClienteIdealICP.pdf,IdentificandoPerfildeClienteIdealICP.pdf,1FgRP9V_h0QaU9sqF6oQkGS3Ejr23y0cs,application/pdf,1180730,2026-01-04T18:09:34.000Z
CURSOS_EBOOKS/VIDEO AULAS/⭐️ Me Ensina AE! Curso de After Effects - Brainstorm Academy/Módulo 10 - PROJETO 01 ELEMENTOS DE VÍDEO PARA O YOUTUBE/01 - Briefing de criação do projeto.MP4,01 - Briefing de criação do projeto.MP4,1kAz5gNYWNEq7qEHfZeVNnRlZy1rkIrrm,video/mp4,40961361,2024-01-21T02:01:12.000Z
CURSOS_EBOOKS/VIDEO AULAS/⭐️ Me Ensina AE! Curso de After Effects - Brainstorm Academy/Módulo 13 - AULA ESPECIAL + PROJETO 02 TIPOGRAFIA PARA LYRIC VIDEOS/03 - AULA ESPECIAL- Banda ZAMBAZIM - Maria Joana LYRIC VIDEO + BRIEFING.MP4,03 - AULA ESPECIAL- Banda ZAMBAZIM - Maria Joana LYRIC VIDEO + BRIEFING.MP4,1hKo_WiRvK2Nb2JipvoCazm97JE-tnZaJ,video/mp4,71427221,2024-01-21T02:01:28.000Z
CURSOS_EBOOKS/VIDEO AULAS/⭐️ Me Ensina AE! Curso de After Effects - Brainstorm Academy/Módulo 13 - AULA ESPECIAL + PROJETO 02 TIPOGRAFIA PARA LYRIC VIDEOS/03.1 - AULA ESPECIAL- Banda ZAMBAZIM - Maria Joana LYRIC VIDEO + BRIEFING_2.MP4,03.1 - AULA ESPECIAL- Banda ZAMBAZIM - Maria Joana LYRIC VIDEO + BRIEFING_2.MP4,1iaLKYRs3Vk9mJOBm-e45F_uEfsfAYWbL,video/mp4,118175783,2024-01-21T02:01:28.000Z
JADIELSON/PESSOAIS - JADIELSON/MENTORIA INGRID/CONTRATO DE PRESTAÇÃO DE SERVIÇOS DE MENTORIA - Jahdielson.pdf,CONTRATO DE PRESTAÇÃO DE SERVIÇOS DE MENTORIA - Jahdielson.pdf,1YYh8M6RUKbJIimy0514UTLQOKxh_XtVT,application/pdf,139453,2024-12-04T20:44:47.000Z
CURSOS/AGENCIA DE ELITE/[Modelo] Briefing Agência.docx,[Modelo] Briefing Agência.docx,16Tpbhn-YPHVutb_7uDOz9_yxQc-2RD0d,application/vnd.openxmlformats-officedocument.wordprocessingml.document,1026321,2026-07-06T06:33:52.919Z
CURSOS/ASIMOV/._07 - [TRILHA] Python Office - Python para Empresas-20260529T122935Z-3-001.zip,._07 - [TRILHA] Python Office - Python para Empresas-20260529T122935Z-3-001.zip,1KZDluKlecZcxAzB7tCtCg-xh1mPaQsbD,application/zip,4096,2026-07-05T05:41:37.000Z
CURSOS/ASIMOV/._07 - [TRILHA] Python Office - Python para Empresas-20260529T122935Z-3-002.zip,._07 - [TRILHA] Python Office - Python para Empresas-20260529T122935Z-3-002.zip,1gWkGlR8VPy1VjxmZNKRBagWSo_MT31uG,application/zip,4096,2026-07-05T05:35:45.000Z
CURSOS/ASIMOV/._07 - [TRILHA] Python Office - Python para Empresas-20260529T122935Z-3-003.zip,._07 - [TRILHA] Python Office - Python para Empresas-20260529T122935Z-3-003.zip,1SAb0KMo3qiS1LML9MjtKzhxZin78zs6i,application/zip,4096,2026-07-05T05:35:06.000Z
CURSOS/ASIMOV/._07 - [TRILHA] Python Office - Python para Empresas-20260529T122935Z-3-004.zip,._07 - [TRILHA] Python Office - Python para Empresas-20260529T122935Z-3-004.zip,1-zF41JvC5JZXq_GL6HZM7Hhzd8c5DChR,application/zip,4096,2026-07-05T05:36:57.000Z
CURSOS/ASIMOV/._07 - [TRILHA] Python Office - Python para Empresas-20260529T122935Z-3-005.zip,._07 - [TRILHA] Python Office - Python para Empresas-20260529T122935Z-3-005.zip,1_7JJ8kpQKSd8toADGjHZqgv4j0sKzkq4,application/zip,4096,2026-07-05T05:37:34.000Z
CURSOS/ASIMOV/._07 - [TRILHA] Python Office - Python para Empresas-20260529T122935Z-3-006.zip,._07 - [TRILHA] Python Office - Python para Empresas-20260529T122935Z-3-006.zip,1jKb2teKuK0lJFRPC345602g-dSpwxGuE,application/zip,4096,2026-07-05T05:40:58.000Z
CURSOS/ASIMOV/._07 - [TRILHA] Python Office - Python para Empresas-20260529T122935Z-3-007.zip,._07 - [TRILHA] Python Office - Python para Empresas-20260529T122935Z-3-007.zip,1wtvpgtByya8KvXncjmoSyTv3_vhMeTjg,application/zip,4096,2026-07-05T05:38:45.000Z
CURSOS/ASIMOV/._07 - [TRILHA] Python Office - Python para Empresas-20260529T122935Z-3-008.zip,._07 - [TRILHA] Python Office - Python para Empresas-20260529T122935Z-3-008.zip,1vEydMbKu_DnhdYACAzy2XtS-6h0P37G-,application/zip,4096,2026-07-05T05:39:17.000Z
CURSOS/ASIMOV/._07 - [TRILHA] Python Office - Python para Empresas-20260529T122935Z-3-009.zip,._07 - [TRILHA] Python Office - Python para Empresas-20260529T122935Z-3-009.zip,1omqoPm_zSBeK3rCIed4PuPhKZ018aLmc,application/zip,4096,2026-07-05T05:40:19.000Z
CURSOS/ASIMOV/._07 - [TRILHA] Python Office - Python para Empresas-20260529T122935Z-3-010.zip,._07 - [TRILHA] Python Office - Python para Empresas-20260529T122935Z-3-010.zip,1MxLLSgoRVOK2Fmwenagr7s8pEqWSXWs7,application/zip,4096,2026-07-05T05:36:19.000Z
CURSOS/ASIMOV/._07 - [TRILHA] Python Office - Python para Empresas-20260529T122935Z-3-011.zip,._07 - [TRILHA] Python Office - Python para Empresas-20260529T122935Z-3-011.zip,1Iq91eK9SP8beUDt6aOi1Cla8CEJ-Rw9d,application/zip,4096,2026-07-05T05:38:06.000Z
CURSOS/ASIMOV/._07 - [TRILHA] Python Office - Python para Empresas-20260529T122935Z-3-012.zip,._07 - [TRILHA] Python Office - Python para Empresas-20260529T122935Z-3-012.zip,1QxO_HLOFBLtxA0vuJpjveHzuVx9yumUE,application/zip,4096,2026-07-05T05:39:41.000Z
CURSOS/ASIMOV/07 - [TRILHA] Python Office - Python para Empresas-20260529T122935Z-3-001.zip,07 - [TRILHA] Python Office - Python para Empresas-20260529T122935Z-3-001.zip,1I8ZlxnF5GObIX0utoKEyG_hcSQ_b15BF,application/zip,2144333741,2026-05-29T12:45:28.000Z
CURSOS/ASIMOV/07 - [TRILHA] Python Office - Python para Empresas-20260529T122935Z-3-002.zip,07 - [TRILHA] Python Office - Python para Empresas-20260529T122935Z-3-002.zip,1fksGNJVAJsKeKlR6dNp2zMCEm-henJEq,application/zip,2127996908,2026-05-29T12:45:27.000Z
CURSOS/ASIMOV/07 - [TRILHA] Python Office - Python para Empresas-20260529T122935Z-3-003.zip,07 - [TRILHA] Python Office - Python para Empresas-20260529T122935Z-3-003.zip,1wflH2C7NudLWKN_88E51Qpbl4wF1rg8n,application/zip,2139805346,2026-05-29T12:45:28.000Z
CURSOS/ASIMOV/07 - [TRILHA] Python Office - Python para Empresas-20260529T122935Z-3-004.zip,07 - [TRILHA] Python Office - Python para Empresas-20260529T122935Z-3-004.zip,1ObzAa8M6R-Oy9T5Cdrpe4BLPbHveJG4M,application/zip,2138058551,2026-05-29T12:45:28.000Z
CURSOS/ASIMOV/07 - [TRILHA] Python Office - Python para Empresas-20260529T122935Z-3-005.zip,07 - [TRILHA] Python Office - Python para Empresas-20260529T122935Z-3-005.zip,1R8owTY_lbTwMocptu4vDaBYDqRxQgbJP,application/zip,2126506904,2026-05-29T12:45:27.000Z
CURSOS/ASIMOV/07 - [TRILHA] Python Office - Python para Empresas-20260529T122935Z-3-006.zip,07 - [TRILHA] Python Office - Python para Empresas-20260529T122935Z-3-006.zip,1Y9r_Q-G-dhYLLFk48llRXHHTt4NRI05W,application/zip,2126923156,2026-05-29T12:45:27.000Z
CURSOS/ASIMOV/07 - [TRILHA] Python Office - Python para Empresas-20260529T122935Z-3-007.zip,07 - [TRILHA] Python Office - Python para Empresas-20260529T122935Z-3-007.zip,1v_VUe55JqQD4c_fCn-83Sb8XAkWmBVav,application/zip,2121863735,2026-05-29T12:45:22.000Z
CURSOS/ASIMOV/07 - [TRILHA] Python Office - Python para Empresas-20260529T122935Z-3-008.zip,07 - [TRILHA] Python Office - Python para Empresas-20260529T122935Z-3-008.zip,1LFzdLauL9vZcNK-otF9BlDI5ZvqOJG1Q,application/zip,2099408320,2026-05-29T12:45:03.000Z
CURSOS/ASIMOV/07 - [TRILHA] Python Office - Python para Empresas-20260529T122935Z-3-009.zip,07 - [TRILHA] Python Office - Python para Empresas-20260529T122935Z-3-009.zip,1cxGe1DvdVsZW2oUezbhw71bUK_o7P_DP,application/zip,2084264317,2026-05-29T12:45:01.000Z
CURSOS/ASIMOV/07 - [TRILHA] Python Office - Python para Empresas-20260529T122935Z-3-010.zip,07 - [TRILHA] Python Office - Python para Empresas-20260529T122935Z-3-010.zip,1zKpBQUjhixX9tH7LpABRw9McW8zfLGSR,application/zip,2080858730,2026-05-29T12:44:59.000Z
CURSOS/ASIMOV/07 - [TRILHA] Python Office - Python para Empresas-20260529T122935Z-3-011.zip,07 - [TRILHA] Python Office - Python para Empresas-20260529T122935Z-3-011.zip,1rmq5Jeg8-KVxrMvV9j0P5Qd9WpdXHCH0,application/zip,2005455203,2026-05-29T12:44:39.000Z
CURSOS/ASIMOV/07 - [TRILHA] Python Office - Python para Empresas-20260529T122935Z-3-012.zip,07 - [TRILHA] Python Office - Python para Empresas-20260529T122935Z-3-012.zip,1M4mPZW7OYUcAmtdQbGsLqVysrzXHuOMg,application/zip,1470815151,2026-05-29T12:40:20.000Z
Cópia de Raio x da empresa.xlsx,Cópia de Raio x da empresa.xlsx,17slfVN399Xkh3XMNj7jVTj3rbkXrAwQs,application/vnd.openxmlformats-officedocument.spreadsheetml.sheet,34256,2024-12-25T20:28:22.704Z
PLANILHA DE CÁLCULO VALOR DA HORA DE TRABALHO - LÓGIKA, PLANILHA DE CÁLCULO VALOR DA HORA DE TRABALHO - LÓGIKA,1EctKFJqehDmOIFnp9h3zLSKWez-QuFvObnMoLJpDHfc,application/vnd.google-apps.spreadsheet,67753,2026-06-04T23:52:05.926Z
Rapidinho: Me Conta do Seu Negócio! (respostas),Rapidinho: Me Conta do Seu Negócio! (respostas),18EZLKQ8gPWlQq1xmt0diUWCfGUoZ3niMX8LFFW3Rqco,application/vnd.google-apps.spreadsheet,2630,2025-09-12T21:46:28.972Z
BRIEFING PARA IDENTIDADE VISUAL,BRIEFING PARA IDENTIDADE VISUAL,1pg2wFusjqwFfA4vbY_BDKrykLPxXj_1xO7gCqbu_rvY,application/vnd.google-apps.form,280509,2025-10-08T13:03:39.535Z
Diagnóstico Estratégico - Lógika Creative,Diagnóstico Estratégico - Lógika Creative,1jtbeCfg5Y5kdvjDvpahEzAu0xp0FvINH25mz9Uv2ta4,application/vnd.google-apps.form,2152,2025-09-11T17:38:44.779Z
Rapidinho: Me Conta do Seu Negócio!,Rapidinho: Me Conta do Seu Negócio!,1ZhXl_PlzmBcuxkeJp_r1AA5sgN_ni9ga5R3uPV-VCmk,application/vnd.google-apps.form,7928663,2025-11-18T05:48:37.695Z
MATERIAL IDV - LÓGIKA CREATIVE-20250915T204950Z-1-001,MATERIAL IDV - LÓGIKA CREATIVE-20250915T204950Z-1-001,1ePSR9x_zBQr2MTFCgsnsUS92VKx_0NwQ,application/vnd.google-apps.folder,,2025-09-18T15:49:36.138Z
MATERIAL IDV - LÓGIKA CREATIVE-20250915T204950Z-1-001/APRESENTAÇÃO IDENTIDADE VISUAL - LÓGIKA CREATIVE.pdf,APRESENTAÇÃO IDENTIDADE VISUAL - LÓGIKA CREATIVE.pdf,1gtv_-IMu2mVxPChnM5s8Uvg7DpARAiMc,application/pdf,76414403,2025-09-18T13:48:19.000Z
MATERIAL IDV - LÓGIKA CREATIVE-20250915T204950Z-1-001/BOTTOM,BOTTOM,1ToV6IgL9YOg7B-9cz__ndfrFHHAeVQrR,application/vnd.google-apps.folder,,2025-09-18T15:49:36.966Z
MATERIAL IDV - LÓGIKA CREATIVE-20250915T204950Z-1-001/BOTTOM/BOTTOM - IMAGEM.png,BOTTOM - IMAGEM.png,1UnVmhXHTGr_VlZlKAlcC0bI5YlcpsXOQ,image/png,10196920,2025-09-03T13:58:36.000Z
MATERIAL IDV - LÓGIKA CREATIVE-20250915T204950Z-1-001/BOTTOM/BOTTOM - IMPRESSÃO.pdf,BOTTOM - IMPRESSÃO.pdf,1liSvhOI1mhGPTC1RrPPDI-NplKoKt7OE,application/pdf,4463653,2025-09-03T13:58:13.000Z
MATERIAL IDV - LÓGIKA CREATIVE-20250915T204950Z-1-001/CANECA,CANECA,1mcsGwN-uHSDBOm4n6X3nnIAtJAwSD6pF,application/vnd.google-apps.folder,,2025-09-18T15:49:36.964Z
MATERIAL IDV - LÓGIKA CREATIVE-20250915T204950Z-1-001/CANECA/CANECA - IMAGEM.png,CANECA - IMAGEM.png,1JTMXU_soCmCbeD56RRNlhMagmpMlchKD,image/png,14147555,2025-09-03T14:05:47.000Z
MATERIAL IDV - LÓGIKA CREATIVE-20250915T204950Z-1-001/CANECA/CANECA - IMPRESSÃO.pdf,CANECA - IMPRESSÃO.pdf,1utSthehbRzxhvko2HFByegxBx01zJix0,application/pdf,292091,2025-09-03T14:05:31.000Z
MATERIAL IDV - LÓGIKA CREATIVE-20250915T204950Z-1-001/CARTÃO DE VISITA,CARTÃO DE VISITA,1dh8u2M1e2wawWkmzlA5qVlguyKtS7KDM,application/vnd.google-apps.folder,,2025-09-18T15:49:36.963Z
MATERIAL IDV - LÓGIKA CREATIVE-20250915T204950Z-1-001/CARTÃO DE VISITA/CARTÃO DE VISITA LOGIKA - FRENTE.pdf,CARTÃO DE VISITA LOGIKA - FRENTE.pdf,1IKL4cn37HIsdUt99dMzeY9i6BGBX80FT,application/pdf,230166,2025-09-03T13:00:57.000Z
MATERIAL IDV - LÓGIKA CREATIVE-20250915T204950Z-1-001/CARTÃO DE VISITA/CARTÃO DE VISITA LOGIKA - VERSO.pdf,CARTÃO DE VISITA LOGIKA - VERSO.pdf,1JbDsxoMzxMNabrrCn6GEfZHbOMocz9ls,application/pdf,495384,2025-09-03T13:01:18.000Z
MATERIAL IDV - LÓGIKA CREATIVE-20250915T204950Z-1-001/CRACHÁ,CRACHÁ,1fsTUt51PQYTwnk8xt-9zGro9vQXZmLXp,application/vnd.google-apps.folder,,2025-09-18T15:49:36.975Z
MATERIAL IDV - LÓGIKA CREATIVE-20250915T204950Z-1-001/CRACHÁ/BASE - CRACHÁ.pdf,BASE - CRACHÁ.pdf,1qVfqdIyyH14mty62REVhJwuIohufsCep,application/pdf,1964495,2025-09-03T14:22:29.000Z
MATERIAL IDV - LÓGIKA CREATIVE-20250915T204950Z-1-001/CRACHÁ/CORDÃO - CRACHÁ.pdf,CORDÃO - CRACHÁ.pdf,1-L_nBwV2jl5kQ-Fv2FFRI5UKhDBcB_q9,application/pdf,323542,2025-09-03T14:16:44.000Z
MATERIAL IDV - LÓGIKA CREATIVE-20250915T204950Z-1-001/LOGOS,LOGOS,1N4V4LyRcrnErcF95eZ7-RAklO6syKp1-,application/vnd.google-apps.folder,,2025-09-18T15:49:36.977Z
MATERIAL IDV - LÓGIKA CREATIVE-20250915T204950Z-1-001/LOGOS/LOGO 01 - BRANCA FUNDO MAGENTA.png,LOGO 01 - BRANCA FUNDO MAGENTA.png,1xN_ozjyQNkMlcJi_Dwi98yM5cZ75kYkV,image/png,124380,2025-09-10T12:20:07.000Z
MATERIAL IDV - LÓGIKA CREATIVE-20250915T204950Z-1-001/LOGOS/LOGO 01 - BRANCA FUNDO PRETO.png,LOGO 01 - BRANCA FUNDO PRETO.png,1wo7CWe_z4KOTYxePg4lOgx2Pv2NPC8df,image/png,136002,2025-09-10T12:18:16.000Z
MATERIAL IDV - LÓGIKA CREATIVE-20250915T204950Z-1-001/LOGOS/LOGO 01 - BRANCA SEM FUNDO.png,LOGO 01 - BRANCA SEM FUNDO.png,17-HBBTSJKiKoZ1KkLnrly1sOrWzRs2EF,image/png,108168,2025-09-10T12:18:23.000Z
MATERIAL IDV - LÓGIKA CREATIVE-20250915T204950Z-1-001/LOGOS/LOGO 01 - COLORIDA 1 SEM FUNDO.png,LOGO 01 - COLORIDA 1 SEM FUNDO.png,1DFsxMBVDVXlxEK8TM5dJuRfDovLq1aET,image/png,105260,2025-09-10T12:22:23.000Z
MATERIAL IDV - LÓGIKA CREATIVE-20250915T204950Z-1-001/LOGOS/LOGO 01 - COLORIDA 2 SEM FUNDO.png,LOGO 01 - COLORIDA 2 SEM FUNDO.png,1yATQkjcwxMwKZGDLqgds5JCG9zm58Fpf,image/png,110108,2025-09-10T12:22:31.000Z
MATERIAL IDV - LÓGIKA CREATIVE-20250915T204950Z-1-001/LOGOS/LOGO 01 - COLORIDA FUNDO BRANCO.png,LOGO 01 - COLORIDA FUNDO BRANCO.png,1YfkGmZbvkmvsJ03quu4uXeZFNqPhan7g,image/png,127082,2025-09-10T12:22:14.000Z
MATERIAL IDV - LÓGIKA CREATIVE-20250915T204950Z-1-001/LOGOS/LOGO 01 - COLORIDA FUNDO PRETO.png,LOGO 01 - COLORIDA FUNDO PRETO.png,1KxDe3JwCWC7FBhBcdMcQJji7Dfm2x3hf,image/png,135915,2025-09-10T12:21:50.000Z
MATERIAL IDV - LÓGIKA CREATIVE-20250915T204950Z-1-001/LOGOS/LOGO 01 - MAGENTA FUNDO BRANCO.png,LOGO 01 - MAGENTA FUNDO BRANCO.png,1xUeFtICFKl-H1FW33IaoeavXAyb-vfFu,image/png,123909,2025-09-10T12:20:36.000Z
MATERIAL IDV - LÓGIKA CREATIVE-20250915T204950Z-1-001/LOGOS/LOGO 01 - MAGENTA FUNDO PRETO.png,LOGO 01 - MAGENTA FUNDO PRETO.png,1eDJDZki1Mts-V8i0b_G4ep3Q3-_Y5JLA,image/png,124439,2025-09-10T12:20:26.000Z
MATERIAL IDV - LÓGIKA CREATIVE-20250915T204950Z-1-001/LOGOS/LOGO 01 - MAGENTA SEM FUNDO.png,LOGO 01 - MAGENTA SEM FUNDO.png,10kHR9GJ3O_Mfi-Um_LvUaRhEn3aaD2Xk,image/png,98107,2025-09-10T12:20:46.000Z
MATERIAL IDV - LÓGIKA CREATIVE-20250915T204950Z-1-001/LOGOS/LOGO 01 - PRETA FUNDO BRANCO.png,LOGO 01 - PRETA FUNDO BRANCO.png,1_KW8pyT1q7V70cDmA130i7QojNXa-FqP,image/png,126264,2025-09-10T12:18:48.000Z
MATERIAL IDV - LÓGIKA CREATIVE-20250915T204950Z-1-001/LOGOS/LOGO 01 - PRETA FUNDO MAGENTA_.png,LOGO 01 - PRETA FUNDO MAGENTA_.png,1RiEP7jWTO0a8RLOKIp0oReUTXU3fi8DI,image/png,124575,2025-09-10T12:19:50.000Z
MATERIAL IDV - LÓGIKA CREATIVE-20250915T204950Z-1-001/LOGOS/LOGO 01 - PRETA SEM FUNDO.png,LOGO 01 - PRETA SEM FUNDO.png,19uERIIvUywB3KH7PU2UlKJnvaAaY_9x2,image/png,98563,2025-09-10T12:18:35.000Z
MATERIAL IDV - LÓGIKA CREATIVE-20250915T204950Z-1-001/LOGOS/LOGO 02 - BRANCA FUNDO PRETO.png,LOGO 02 - BRANCA FUNDO PRETO.png,1m35PH7YyfI_nMUMG0HfaHkAvdWoLVSfy,image/png,148778,2025-09-10T12:22:51.000Z
MATERIAL IDV - LÓGIKA CREATIVE-20250915T204950Z-1-001/LOGOS/LOGO 02 - BRANCA SEM FUNDO.png,LOGO 02 - BRANCA SEM FUNDO.png,1D31kVYmN-T0Rm5uJAjVPl6hY9N6K_hhV,image/png,108595,2025-09-10T12:22:58.000Z
MATERIAL IDV - LÓGIKA CREATIVE-20250915T204950Z-1-001/LOGOS/LOGO 02 - COLORIDA 1 FUNDO PRETO.png,LOGO 02 - COLORIDA 1 FUNDO PRETO.png,1BYJAhzwsVYIyeGcYPIk6KY4FSLEKCZXz,image/png,146475,2025-09-10T12:24:12.000Z
MATERIAL IDV - LÓGIKA CREATIVE-20250915T204950Z-1-001/LOGOS/LOGO 02 - COLORIDA 1 SEM FUNDO.png,LOGO 02 - COLORIDA 1 SEM FUNDO.png,1WegUlItYvunF4WQWaV3RTughbKfH1vCe,image/png,127924,2025-09-10T12:24:48.000Z
MATERIAL IDV - LÓGIKA CREATIVE-20250915T204950Z-1-001/LOGOS/LOGO 02 - COLORIDA 2 FUNDO BRANCO.png,LOGO 02 - COLORIDA 2 FUNDO BRANCO.png,1jouYMsDXQ-88f0jGAhxWTzCV-3HLJ_h2,image/png,146863,2025-09-10T12:24:31.000Z
MATERIAL IDV - LÓGIKA CREATIVE-20250915T204950Z-1-001/LOGOS/LOGO 02 - COLORIDA 2 SEM FUNDO.png,LOGO 02 - COLORIDA 2 SEM FUNDO.png,1lLnUO5Tavzv9KoRIF_dwBCfpAFHvEu87,image/png,131216,2025-09-10T12:24:40.000Z
MATERIAL IDV - LÓGIKA CREATIVE-20250915T204950Z-1-001/LOGOS/LOGO 02 - MAGENTA FUNDO BRANCO.png,LOGO 02 - MAGENTA FUNDO BRANCO.png,1QGr0xRcpxZqIVySPA0WKoHfqeAD1M1E_,image/png,140348,2025-09-10T12:26:30.000Z
MATERIAL IDV - LÓGIKA CREATIVE-20250915T204950Z-1-001/LOGOS/LOGO 02 - MAGENTA FUNDO PRETO.png,LOGO 02 - MAGENTA FUNDO PRETO.png,1E-AgFdBZzHRudaKonDPfjy90BvzYQpff,image/png,139093,2025-09-10T12:26:37.000Z
MATERIAL IDV - LÓGIKA CREATIVE-20250915T204950Z-1-001/LOGOS/LOGO 02 - MAGENTA SEM FUNDO.png,LOGO 02 - MAGENTA SEM FUNDO.png,1B6GB4PO8HejjHZI9jvlJpndFj7AMMcBk,image/png,115498,2025-09-10T12:26:46.000Z
MATERIAL IDV - LÓGIKA CREATIVE-20250915T204950Z-1-001/MATERIAL IDV - LÓGIKA CREATIVE-20250915T204950Z-1-001.zip,MATERIAL IDV - LÓGIKA CREATIVE-20250915T204950Z-1-001.zip,1IJdj6LL4xphxNnaBXBQIuEhDLJdqOV7m,application/zip,55428041,2025-09-15T20:50:12.000Z
MATERIAL IDV - LÓGIKA CREATIVE-20250915T204950Z-1-001/PAPEL DE PAREDE - MACBOOK,PAPEL DE PAREDE - MACBOOK,1XBq1KxANzSZA2jKfSnhP5I4XdwbxS-Rm,application/vnd.google-apps.folder,,2025-09-18T15:49:36.939Z
MATERIAL IDV - LÓGIKA CREATIVE-20250915T204950Z-1-001/PAPEL DE PAREDE - MACBOOK/PAPEL DE PAREDE - LOGIKA CREATIVE.png,PAPEL DE PAREDE - LOGIKA CREATIVE.png,1ZJHtiUIMqCLjRk6-Ea31eua0jyNWZnsJ,image/png,173327,2025-09-03T12:41:49.000Z
MATERIAL IDV - LÓGIKA CREATIVE-20250915T204950Z-1-001/PLACA,PLACA,1y4BWVT4JDurzHlQ4vpgJCZWH5xjxNoDx,application/vnd.google-apps.folder,,2025-09-18T15:49:36.957Z
MATERIAL IDV - LÓGIKA CREATIVE-20250915T204950Z-1-001/PLACA/PLACA LOGIKA - IMAGEM.png,PLACA LOGIKA - IMAGEM.png,1VWzlJM-pF01OAjsrpWTBvfPHYkEidE3r,image/png,20332306,2025-09-03T14:10:36.000Z
MATERIAL IDV - LÓGIKA CREATIVE-20250915T204950Z-1-001/PLACA/PLACA LOGIKA - IMPRESSÃO.pdf,PLACA LOGIKA - IMPRESSÃO.pdf,1Ieb2rFhnfVMFgP7zRGOzWUAIXk9APkjF,application/pdf,362171,2025-09-03T14:10:53.000Z
PROPROSTA PRESTAÇÃO DE SERVIÇO 02,PROPROSTA PRESTAÇÃO DE SERVIÇO 02,1zK_IUKc7rNC9e9PpV8fvjsG79x9o9-EdwrH2YiUq73E,application/vnd.google-apps.document,4333,2026-06-04T23:52:08.945Z
